regime,policy,seed,rounds,source,ns,rebuilds,increase_repairs,repair_aborts,filtered_updates,max_rss_kb,rep
small,fixed,7,20,7,109693,1,20,0,0,174612,0
small,vertex,7,20,7,117918,1,20,0,0,174664,0
small,work,7,20,7,109763,1,20,0,0,174664,0
catastrophic,fixed,7,20,7,735441520,1,20,0,0,176720,0
catastrophic,vertex,7,20,7,888135926,21,0,20,0,176612,0
catastrophic,work,7,20,7,938720617,21,0,20,0,174612,0
small,vertex,7,20,7,108012,1,20,0,0,173612,1
small,work,7,20,7,113110,1,20,0,0,176656,1
small,fixed,7,20,7,110628,1,20,0,0,176676,1
catastrophic,vertex,7,20,7,947139201,21,0,20,0,174584,1
catastrophic,work,7,20,7,1012700884,21,0,20,0,176756,1
catastrophic,fixed,7,20,7,780673727,1,20,0,0,174624,1
small,work,7,20,7,111949,1,20,0,0,176720,2
small,fixed,7,20,7,114574,1,20,0,0,176676,2
small,vertex,7,20,7,109095,1,20,0,0,176600,2
catastrophic,work,7,20,7,1085381710,21,0,20,0,173604,2
catastrophic,fixed,7,20,7,726434420,1,20,0,0,176772,2
catastrophic,vertex,7,20,7,965897388,21,0,20,0,176696,2
small,fixed,7,20,7,113142,1,20,0,0,173608,3
small,vertex,7,20,7,110778,1,20,0,0,176712,3
small,work,7,20,7,109897,1,20,0,0,174640,3
catastrophic,fixed,7,20,7,782014234,1,20,0,0,174668,3
catastrophic,vertex,7,20,7,1075711299,21,0,20,0,176744,3
catastrophic,work,7,20,7,1043584068,21,0,20,0,176704,3
small,vertex,7,20,7,113890,1,20,0,0,174572,4
small,work,7,20,7,111899,1,20,0,0,174604,4
small,fixed,7,20,7,111919,1,20,0,0,174600,4
catastrophic,vertex,7,20,7,1078149448,21,0,20,0,176764,4
catastrophic,work,7,20,7,1018435726,21,0,20,0,173568,4
catastrophic,fixed,7,20,7,697965157,1,20,0,0,176688,4
