baseline,rep,seed,workload,policy,trace_hash,ops,queries,ns,cold_queries,resident_queries,promotions,rebuilds,filtered_updates,decrease_repairs,increase_repairs,repair_aborts,max_rss_kb
B0,0,7,clustered,work,5400362276183455061,200,152,8633208304,0,0,0,0,0,0,0,0,104436
B1,0,7,clustered,work,5400362276183455061,200,152,17237398,0,0,0,0,0,0,0,0,98372
B2,0,7,clustered,work,5400362276183455061,200,152,192081375916,0,0,0,0,0,0,0,0,1445816
B3,0,7,clustered,work,5400362276183455061,200,152,7436858163,0,0,0,0,0,0,0,0,1445920
B4,0,7,clustered,work,5400362276183455061,200,152,17983052,152,0,0,0,0,0,0,0,99336
B1,1,7,clustered,work,5400362276183455061,200,152,18060807,0,0,0,0,0,0,0,0,97188
B2,1,7,clustered,work,5400362276183455061,200,152,193778285958,0,0,0,0,0,0,0,0,1445832
B3,1,7,clustered,work,5400362276183455061,200,152,7491644102,0,0,0,0,0,0,0,0,1444840
B4,1,7,clustered,work,5400362276183455061,200,152,17728293,152,0,0,0,0,0,0,0,100400
B0,1,7,clustered,work,5400362276183455061,200,152,9055406063,0,0,0,0,0,0,0,0,104532
B2,2,7,clustered,work,5400362276183455061,200,152,192618537856,0,0,0,0,0,0,0,0,1445764
B3,2,7,clustered,work,5400362276183455061,200,152,7258482830,0,0,0,0,0,0,0,0,1445956
B4,2,7,clustered,work,5400362276183455061,200,152,18066891,152,0,0,0,0,0,0,0,100392
B0,2,7,clustered,work,5400362276183455061,200,152,8677787151,0,0,0,0,0,0,0,0,105536
B1,2,7,clustered,work,5400362276183455061,200,152,17437344,0,0,0,0,0,0,0,0,96708
B3,3,7,clustered,work,5400362276183455061,200,152,7371595902,0,0,0,0,0,0,0,0,1445948
B4,3,7,clustered,work,5400362276183455061,200,152,18757814,152,0,0,0,0,0,0,0,100364
B0,3,7,clustered,work,5400362276183455061,200,152,8653332799,0,0,0,0,0,0,0,0,104496
B1,3,7,clustered,work,5400362276183455061,200,152,16720307,0,0,0,0,0,0,0,0,97332
B2,3,7,clustered,work,5400362276183455061,200,152,190216683531,0,0,0,0,0,0,0,0,1445880
B4,4,7,clustered,work,5400362276183455061,200,152,18574785,152,0,0,0,0,0,0,0,99140
B0,4,7,clustered,work,5400362276183455061,200,152,8923506494,0,0,0,0,0,0,0,0,104488
B1,4,7,clustered,work,5400362276183455061,200,152,17568210,0,0,0,0,0,0,0,0,98244
B2,4,7,clustered,work,5400362276183455061,200,152,192302348834,0,0,0,0,0,0,0,0,1444804
B3,4,7,clustered,work,5400362276183455061,200,152,7432814455,0,0,0,0,0,0,0,0,1445972
