cell,repeat,order,baseline,family,seed,queries,update_every,update_mode,hot_sources,epoch,cap,start_utc,elapsed_wall_s,peak_child_rss_kb,exit_code,updates,increase_updates,decrease_updates,unchanged_updates,algorithm_ns,cold_queries,resident_queries,promotions,evictions,rebuilds,repair_aborts
1,0,0,B2L,uniform,7,100,5,alternating,4,250,2,2026-10-08T13:28:44.544100+00:00,13.033317,128060,0,19,10,9,0,7396207858,100,0,0,98,0,0
1,0,1,B3L,uniform,7,100,5,alternating,4,250,2,2026-10-08T13:28:57.577788+00:00,11.209531,129464,0,19,10,9,0,5443357926,100,0,0,98,0,0
1,0,2,B4,uniform,7,100,5,alternating,4,250,2,2026-10-08T13:29:08.787737+00:00,7.345499,106564,0,19,10,9,0,1622590444,100,0,0,0,0,0
1,1,0,B3L,uniform,7,100,5,alternating,4,250,2,2026-10-08T13:29:16.133637+00:00,11.290345,128112,0,19,10,9,0,5519195268,100,0,0,98,0,0
1,1,1,B4,uniform,7,100,5,alternating,4,250,2,2026-10-08T13:29:27.424396+00:00,7.626495,105460,0,19,10,9,0,1774411957,100,0,0,0,0,0
1,1,2,B2L,uniform,7,100,5,alternating,4,250,2,2026-10-08T13:29:35.051329+00:00,13.476603,128232,0,19,10,9,0,7598541430,100,0,0,98,0,0
2,0,0,B3L,uniform,7,100,10,alternating,4,250,2,2026-10-08T13:29:48.528396+00:00,11.242748,129392,0,9,5,4,0,5351265893,100,0,0,98,0,0
2,0,1,B4,uniform,7,100,10,alternating,4,250,2,2026-10-08T13:29:59.771598+00:00,7.526858,106536,0,9,5,4,0,1713282765,100,0,0,0,0,0
2,0,2,B2L,uniform,7,100,10,alternating,4,250,2,2026-10-08T13:30:07.298819+00:00,12.056936,128316,0,9,5,4,0,6324833745,100,0,0,98,0,0
2,1,0,B4,uniform,7,100,10,alternating,4,250,2,2026-10-08T13:30:19.356140+00:00,7.548373,106536,0,9,5,4,0,1664504824,100,0,0,0,0,0
2,1,1,B2L,uniform,7,100,10,alternating,4,250,2,2026-10-08T13:30:26.904921+00:00,12.276860,128256,0,9,5,4,0,6467872443,100,0,0,98,0,0
2,1,2,B3L,uniform,7,100,10,alternating,4,250,2,2026-10-08T13:30:39.182200+00:00,11.307067,128368,0,9,5,4,0,5499301082,100,0,0,98,0,0
3,0,0,B4,single-hot,7,100,5,alternating,4,250,2,2026-10-08T13:30:50.489681+00:00,6.110552,110828,0,19,10,9,0,215216676,10,90,1,0,1,0
3,0,1,B2L,single-hot,7,100,5,alternating,4,250,2,2026-10-08T13:30:56.600704+00:00,8.329455,128116,0,19,10,9,0,2426828744,7,93,0,5,0,0
3,0,2,B3L,single-hot,7,100,5,alternating,4,250,2,2026-10-08T13:31:04.930623+00:00,6.338790,129156,0,19,10,9,0,401731976,7,93,0,5,0,0
3,1,0,B2L,single-hot,7,100,5,alternating,4,250,2,2026-10-08T13:31:11.269833+00:00,8.300732,129456,0,19,10,9,0,2362407478,7,93,0,5,0,0
3,1,1,B3L,single-hot,7,100,5,alternating,4,250,2,2026-10-08T13:31:19.570968+00:00,6.204504,129372,0,19,10,9,0,392818804,7,93,0,5,0,0
3,1,2,B4,single-hot,7,100,5,alternating,4,250,2,2026-10-08T13:31:25.775837+00:00,6.005595,110772,0,19,10,9,0,213662507,10,90,1,0,1,0
4,0,0,B2L,single-hot,7,100,10,alternating,4,250,2,2026-10-08T13:31:31.781800+00:00,7.156349,129436,0,9,5,4,0,1329299157,7,93,0,5,0,0
4,0,1,B3L,single-hot,7,100,10,alternating,4,250,2,2026-10-08T13:31:38.938610+00:00,6.230639,128332,0,9,5,4,0,401303539,7,93,0,5,0,0
4,0,2,B4,single-hot,7,100,10,alternating,4,250,2,2026-10-08T13:31:45.169669+00:00,6.084576,109292,0,9,5,4,0,210791566,10,90,1,0,1,0
4,1,0,B3L,single-hot,7,100,10,alternating,4,250,2,2026-10-08T13:31:51.254702+00:00,6.182433,129340,0,9,5,4,0,395540283,7,93,0,5,0,0
4,1,1,B4,single-hot,7,100,10,alternating,4,250,2,2026-10-08T13:31:57.437545+00:00,5.997495,109768,0,9,5,4,0,207696889,10,90,1,0,1,0
4,1,2,B2L,single-hot,7,100,10,alternating,4,250,2,2026-10-08T13:32:03.435450+00:00,7.094328,127908,0,9,5,4,0,1315117864,7,93,0,5,0,0
5,0,0,B3L,hot-pool,7,100,5,alternating,4,250,2,2026-10-08T13:32:10.530195+00:00,9.306925,129308,0,19,10,9,0,3457920763,62,38,0,60,0,0
5,0,1,B4,hot-pool,7,100,5,alternating,4,250,2,2026-10-08T13:32:19.837590+00:00,7.544215,122132,0,19,10,9,0,1671596736,59,41,6,4,6,0
5,0,2,B2L,hot-pool,7,100,5,alternating,4,250,2,2026-10-08T13:32:27.382190+00:00,11.964908,129432,0,19,10,9,0,5817292487,62,38,0,60,0,0
5,1,0,B4,hot-pool,7,100,5,alternating,4,250,2,2026-10-08T13:32:39.347574+00:00,7.720393,120668,0,19,10,9,0,1615074148,59,41,6,4,6,0
5,1,1,B2L,hot-pool,7,100,5,alternating,4,250,2,2026-10-08T13:32:47.068440+00:00,11.849465,128380,0,19,10,9,0,5698574330,62,38,0,60,0,0
5,1,2,B3L,hot-pool,7,100,5,alternating,4,250,2,2026-10-08T13:32:58.918362+00:00,9.712556,129332,0,19,10,9,0,3560871957,62,38,0,60,0,0
6,0,0,B4,hot-pool,7,100,10,alternating,4,250,2,2026-10-08T13:33:08.631342+00:00,7.905800,122220,0,9,5,4,0,1656002344,67,33,7,5,7,0
6,0,1,B2L,hot-pool,7,100,10,alternating,4,250,2,2026-10-08T13:33:16.537562+00:00,10.814499,128280,0,9,5,4,0,4645373737,63,37,0,61,0,0
6,0,2,B3L,hot-pool,7,100,10,alternating,4,250,2,2026-10-08T13:33:27.352539+00:00,9.739430,129376,0,9,5,4,0,3586293581,63,37,0,61,0,0
6,1,0,B2L,hot-pool,7,100,10,alternating,4,250,2,2026-10-08T13:33:37.092377+00:00,10.331649,129400,0,9,5,4,0,4433137614,63,37,0,61,0,0
6,1,1,B3L,hot-pool,7,100,10,alternating,4,250,2,2026-10-08T13:33:47.424430+00:00,9.086086,129184,0,9,5,4,0,3356433186,63,37,0,61,0,0
6,1,2,B4,hot-pool,7,100,10,alternating,4,250,2,2026-10-08T13:33:56.510937+00:00,7.327566,122104,0,9,5,4,0,1560180505,67,33,7,5,7,0
7,0,0,B2L,uniform,17,100,5,alternating,4,250,2,2026-10-08T13:34:03.838916+00:00,13.604471,127732,0,19,10,9,0,7636000643,100,0,0,98,0,0
7,0,1,B3L,uniform,17,100,5,alternating,4,250,2,2026-10-08T13:34:17.443811+00:00,11.311443,128424,0,19,10,9,0,5475680470,100,0,0,98,0,0
7,0,2,B4,uniform,17,100,5,alternating,4,250,2,2026-10-08T13:34:28.755660+00:00,7.329340,106560,0,19,10,9,0,1545827229,100,0,0,0,0,0
7,1,0,B3L,uniform,17,100,5,alternating,4,250,2,2026-10-08T13:34:36.085418+00:00,11.303505,128284,0,19,10,9,0,5522293011,100,0,0,98,0,0
7,1,1,B4,uniform,17,100,5,alternating,4,250,2,2026-10-08T13:34:47.389331+00:00,7.297623,105440,0,19,10,9,0,1556491998,100,0,0,0,0,0
7,1,2,B2L,uniform,17,100,5,alternating,4,250,2,2026-10-08T13:34:54.687359+00:00,13.229346,128308,0,19,10,9,0,7455006929,100,0,0,98,0,0
8,0,0,B3L,uniform,17,100,10,alternating,4,250,2,2026-10-08T13:35:07.917177+00:00,11.150797,128336,0,9,5,4,0,5352820505,100,0,0,98,0,0
8,0,1,B4,uniform,17,100,10,alternating,4,250,2,2026-10-08T13:35:19.068439+00:00,7.286539,105044,0,9,5,4,0,1531058006,100,0,0,0,0,0
8,0,2,B2L,uniform,17,100,10,alternating,4,250,2,2026-10-08T13:35:26.355460+00:00,12.085244,127636,0,9,5,4,0,6345453053,100,0,0,98,0,0
8,1,0,B4,uniform,17,100,10,alternating,4,250,2,2026-10-08T13:35:38.441122+00:00,7.188824,105464,0,9,5,4,0,1499369522,100,0,0,0,0,0
8,1,1,B2L,uniform,17,100,10,alternating,4,250,2,2026-10-08T13:35:45.630365+00:00,12.273724,129264,0,9,5,4,0,6597561012,100,0,0,98,0,0
8,1,2,B3L,uniform,17,100,10,alternating,4,250,2,2026-10-08T13:35:57.904506+00:00,11.312470,129344,0,9,5,4,0,5463383309,100,0,0,98,0,0
9,0,0,B4,single-hot,17,100,5,alternating,4,250,2,2026-10-08T13:36:09.217394+00:00,5.601103,110764,0,19,10,9,0,230599555,10,90,1,0,1,0
9,0,1,B2L,single-hot,17,100,5,alternating,4,250,2,2026-10-08T13:36:14.818901+00:00,7.500999,127836,0,19,10,9,0,2250697791,7,93,0,5,0,0
9,0,2,B3L,single-hot,17,100,5,alternating,4,250,2,2026-10-08T13:36:22.320276+00:00,6.122852,128296,0,19,10,9,0,394661128,7,93,0,5,0,0
9,1,0,B2L,single-hot,17,100,5,alternating,4,250,2,2026-10-08T13:36:28.443630+00:00,7.836467,127772,0,19,10,9,0,2484497445,7,93,0,5,0,0
9,1,1,B3L,single-hot,17,100,5,alternating,4,250,2,2026-10-08T13:36:36.280530+00:00,6.397165,129400,0,19,10,9,0,396358843,7,93,0,5,0,0
9,1,2,B4,single-hot,17,100,5,alternating,4,250,2,2026-10-08T13:36:42.678077+00:00,6.092805,110664,0,19,10,9,0,241570530,10,90,1,0,1,0
10,0,0,B2L,single-hot,17,100,10,alternating,4,250,2,2026-10-08T13:36:48.771257+00:00,7.094321,128268,0,9,5,4,0,1436231807,9,91,0,7,0,0
10,0,1,B3L,single-hot,17,100,10,alternating,4,250,2,2026-10-08T13:36:55.865952+00:00,6.233951,129316,0,9,5,4,0,496380688,9,91,0,7,0,0
10,0,2,B4,single-hot,17,100,10,alternating,4,250,2,2026-10-08T13:37:02.100367+00:00,6.009719,109812,0,9,5,4,0,254481686,12,88,1,0,1,0
10,1,0,B3L,single-hot,17,100,10,alternating,4,250,2,2026-10-08T13:37:08.110501+00:00,5.975074,127908,0,9,5,4,0,463174869,9,91,0,7,0,0
10,1,1,B4,single-hot,17,100,10,alternating,4,250,2,2026-10-08T13:37:14.085998+00:00,5.623972,110844,0,9,5,4,0,235304550,12,88,1,0,1,0
10,1,2,B2L,single-hot,17,100,10,alternating,4,250,2,2026-10-08T13:37:19.710451+00:00,7.174968,129388,0,9,5,4,0,1495510257,9,91,0,7,0,0
11,0,0,B3L,hot-pool,17,100,5,alternating,4,250,2,2026-10-08T13:37:26.885854+00:00,9.373460,129444,0,19,10,9,0,3594782308,63,37,0,61,0,0
11,0,1,B4,hot-pool,17,100,5,alternating,4,250,2,2026-10-08T13:37:36.259754+00:00,7.420042,122216,0,19,10,9,0,1528537193,57,43,7,5,7,0
11,0,2,B2L,hot-pool,17,100,5,alternating,4,250,2,2026-10-08T13:37:43.680174+00:00,11.419692,128300,0,19,10,9,0,5469802938,63,37,0,61,0,0
11,1,0,B4,hot-pool,17,100,5,alternating,4,250,2,2026-10-08T13:37:55.100351+00:00,7.149009,122160,0,19,10,9,0,1425562876,57,43,7,5,7,0
11,1,1,B2L,hot-pool,17,100,5,alternating,4,250,2,2026-10-08T13:38:02.249733+00:00,11.144505,129244,0,19,10,9,0,5451671587,63,37,0,61,0,0
11,1,2,B3L,hot-pool,17,100,5,alternating,4,250,2,2026-10-08T13:38:13.394665+00:00,9.116506,129356,0,19,10,9,0,3431569101,63,37,0,61,0,0
12,0,0,B4,hot-pool,17,100,10,alternating,4,250,2,2026-10-08T13:38:22.511618+00:00,7.142347,122220,0,9,5,4,0,1413307967,57,43,6,4,7,1
12,0,1,B2L,hot-pool,17,100,10,alternating,4,250,2,2026-10-08T13:38:29.654407+00:00,9.890356,128284,0,9,5,4,0,4224598003,61,39,0,59,0,0
12,0,2,B3L,hot-pool,17,100,10,alternating,4,250,2,2026-10-08T13:38:39.545146+00:00,9.139048,129436,0,9,5,4,0,3341381973,61,39,0,59,0,0
12,1,0,B2L,hot-pool,17,100,10,alternating,4,250,2,2026-10-08T13:38:48.684623+00:00,10.277712,128196,0,9,5,4,0,4387452560,61,39,0,59,0,0
12,1,1,B3L,hot-pool,17,100,10,alternating,4,250,2,2026-10-08T13:38:58.962795+00:00,9.226348,128340,0,9,5,4,0,3393136158,61,39,0,59,0,0
12,1,2,B4,hot-pool,17,100,10,alternating,4,250,2,2026-10-08T13:39:08.189603+00:00,7.341224,121216,0,9,5,4,0,1532463077,57,43,6,4,7,1
13,0,0,B2L,uniform,7,100,5,alternating,4,250,8,2026-10-08T13:39:15.531280+00:00,19.545750,197560,0,19,10,9,0,13497282844,100,0,0,92,0,0
13,0,1,B3L,uniform,7,100,5,alternating,4,250,8,2026-10-08T13:39:35.077572+00:00,11.069120,196464,0,19,10,9,0,5360902305,100,0,0,92,0,0
13,0,2,B4,uniform,7,100,5,alternating,4,250,8,2026-10-08T13:39:46.147129+00:00,7.515174,105548,0,19,10,9,0,1647603986,100,0,0,0,0,0
13,1,0,B3L,uniform,7,100,5,alternating,4,250,8,2026-10-08T13:39:53.662729+00:00,11.328354,197520,0,19,10,9,0,5494585632,100,0,0,92,0,0
13,1,1,B4,uniform,7,100,5,alternating,4,250,8,2026-10-08T13:40:04.991563+00:00,7.321015,104872,0,19,10,9,0,1626181908,100,0,0,0,0,0
13,1,2,B2L,uniform,7,100,5,alternating,4,250,8,2026-10-08T13:40:12.313023+00:00,19.363994,196552,0,19,10,9,0,13560196406,100,0,0,92,0,0
14,0,0,B3L,uniform,7,100,10,alternating,4,250,8,2026-10-08T13:40:31.677511+00:00,11.403118,197588,0,9,5,4,0,5508537160,100,0,0,92,0,0
14,0,1,B4,uniform,7,100,10,alternating,4,250,8,2026-10-08T13:40:43.081012+00:00,7.711164,106616,0,9,5,4,0,1726868861,100,0,0,0,0,0
14,0,2,B2L,uniform,7,100,10,alternating,4,250,8,2026-10-08T13:40:50.792674+00:00,15.370690,196544,0,9,5,4,0,9439198098,100,0,0,92,0,0
14,1,0,B4,uniform,7,100,10,alternating,4,250,8,2026-10-08T13:41:06.163762+00:00,7.539640,106548,0,9,5,4,0,1730621132,100,0,0,0,0,0
14,1,1,B2L,uniform,7,100,10,alternating,4,250,8,2026-10-08T13:41:13.703781+00:00,15.359400,196520,0,9,5,4,0,9477581094,100,0,0,92,0,0
14,1,2,B3L,uniform,7,100,10,alternating,4,250,8,2026-10-08T13:41:29.063646+00:00,11.375662,196476,0,9,5,4,0,5469135731,100,0,0,92,0,0
15,0,0,B4,single-hot,7,100,5,alternating,4,250,8,2026-10-08T13:41:40.439759+00:00,6.032382,109272,0,19,10,9,0,207524146,10,90,1,0,1,0
15,0,1,B2L,single-hot,7,100,5,alternating,4,250,8,2026-10-08T13:41:46.472636+00:00,10.836743,185168,0,19,10,9,0,4918530198,7,93,0,0,0,0
15,0,2,B3L,single-hot,7,100,5,alternating,4,250,8,2026-10-08T13:41:57.309779+00:00,6.308004,173756,0,19,10,9,0,420403440,7,93,0,0,0,0
15,1,0,B2L,single-hot,7,100,5,alternating,4,250,8,2026-10-08T13:42:03.618207+00:00,10.786507,186184,0,19,10,9,0,4867511160,7,93,0,0,0,0
15,1,1,B3L,single-hot,7,100,5,alternating,4,250,8,2026-10-08T13:42:14.405091+00:00,6.346155,174692,0,19,10,9,0,417155826,7,93,0,0,0,0
15,1,2,B4,single-hot,7,100,5,alternating,4,250,8,2026-10-08T13:42:20.751690+00:00,6.091309,110656,0,19,10,9,0,209446306,10,90,1,0,1,0
16,0,0,B2L,single-hot,7,100,10,alternating,4,250,8,2026-10-08T13:42:26.843431+00:00,8.350384,185040,0,9,5,4,0,2468541009,7,93,0,0,0,0
16,0,1,B3L,single-hot,7,100,10,alternating,4,250,8,2026-10-08T13:42:35.194189+00:00,6.267605,173252,0,9,5,4,0,410594098,7,93,0,0,0,0
16,0,2,B4,single-hot,7,100,10,alternating,4,250,8,2026-10-08T13:42:41.462241+00:00,6.119018,110836,0,9,5,4,0,213132774,10,90,1,0,1,0
16,1,0,B3L,single-hot,7,100,10,alternating,4,250,8,2026-10-08T13:42:47.581663+00:00,6.325737,174708,0,9,5,4,0,416442353,7,93,0,0,0,0
16,1,1,B4,single-hot,7,100,10,alternating,4,250,8,2026-10-08T13:42:53.907769+00:00,6.132873,109740,0,9,5,4,0,209558909,10,90,1,0,1,0
16,1,2,B2L,single-hot,7,100,10,alternating,4,250,8,2026-10-08T13:43:00.041013+00:00,8.276851,185908,0,9,5,4,0,2461830526,7,93,0,0,0,0
17,0,0,B3L,hot-pool,7,100,5,alternating,4,250,8,2026-10-08T13:43:08.318321+00:00,6.473480,197520,0,19,10,9,0,590556799,10,90,0,2,0,0
17,0,1,B4,hot-pool,7,100,5,alternating,4,250,8,2026-10-08T13:43:14.792188+00:00,6.508335,144896,0,19,10,9,0,709772706,24,76,4,0,4,0
17,0,2,B2L,hot-pool,7,100,5,alternating,4,250,8,2026-10-08T13:43:21.300906+00:00,13.270005,197288,0,19,10,9,0,7304286294,10,90,0,2,0,0
17,1,0,B4,hot-pool,7,100,5,alternating,4,250,8,2026-10-08T13:43:34.571405+00:00,6.770958,144940,0,19,10,9,0,748881874,24,76,4,0,4,0
17,1,1,B2L,hot-pool,7,100,5,alternating,4,250,8,2026-10-08T13:43:41.342763+00:00,13.217191,197308,0,19,10,9,0,7177593459,10,90,0,2,0,0
17,1,2,B3L,hot-pool,7,100,5,alternating,4,250,8,2026-10-08T13:43:54.560417+00:00,6.484539,196528,0,19,10,9,0,591389132,10,90,0,2,0,0
18,0,0,B4,hot-pool,7,100,10,alternating,4,250,8,2026-10-08T13:44:01.045387+00:00,6.805559,143796,0,9,5,4,0,825899210,31,69,4,0,4,0
18,0,1,B2L,hot-pool,7,100,10,alternating,4,250,8,2026-10-08T13:44:07.851410+00:00,10.680195,196288,0,9,5,4,0,4661572942,19,81,0,11,0,0
18,0,2,B3L,hot-pool,7,100,10,alternating,4,250,8,2026-10-08T13:44:18.532026+00:00,7.005744,196428,0,9,5,4,0,1107664392,19,81,0,11,0,0
18,1,0,B2L,hot-pool,7,100,10,alternating,4,250,8,2026-10-08T13:44:25.538208+00:00,10.484939,196468,0,9,5,4,0,4579665599,19,81,0,11,0,0
18,1,1,B3L,hot-pool,7,100,10,alternating,4,250,8,2026-10-08T13:44:36.023631+00:00,7.060832,197336,0,9,5,4,0,1110484797,19,81,0,11,0,0
18,1,2,B4,hot-pool,7,100,10,alternating,4,250,8,2026-10-08T13:44:43.084841+00:00,6.643092,144740,0,9,5,4,0,780977359,31,69,4,0,4,0
19,0,0,B2L,uniform,17,100,5,alternating,4,250,8,2026-10-08T13:44:49.728417+00:00,19.710040,196436,0,19,10,9,0,13755415836,100,0,0,92,0,0
19,0,1,B3L,uniform,17,100,5,alternating,4,250,8,2026-10-08T13:45:09.438837+00:00,11.677328,196520,0,19,10,9,0,5706751908,100,0,0,92,0,0
19,0,2,B4,uniform,17,100,5,alternating,4,250,8,2026-10-08T13:45:21.116693+00:00,7.532517,106516,0,19,10,9,0,1647259751,100,0,0,0,0,0
19,1,0,B3L,uniform,17,100,5,alternating,4,250,8,2026-10-08T13:45:28.649689+00:00,11.709140,197508,0,19,10,9,0,5713169187,100,0,0,92,0,0
19,1,1,B4,uniform,17,100,5,alternating,4,250,8,2026-10-08T13:45:40.359226+00:00,7.619286,106612,0,19,10,9,0,1675611252,100,0,0,0,0,0
19,1,2,B2L,uniform,17,100,5,alternating,4,250,8,2026-10-08T13:45:47.978944+00:00,19.836301,197564,0,19,10,9,0,13852988937,100,0,0,92,0,0
20,0,0,B3L,uniform,17,100,10,alternating,4,250,8,2026-10-08T13:46:07.815678+00:00,11.632756,197612,0,9,5,4,0,5596977526,100,0,0,92,0,0
20,0,1,B4,uniform,17,100,10,alternating,4,250,8,2026-10-08T13:46:19.448812+00:00,7.255603,106528,0,9,5,4,0,1442601819,100,0,0,0,0,0
20,0,2,B2L,uniform,17,100,10,alternating,4,250,8,2026-10-08T13:46:26.704818+00:00,14.854511,197600,0,9,5,4,0,9186315158,100,0,0,92,0,0
20,1,0,B4,uniform,17,100,10,alternating,4,250,8,2026-10-08T13:46:41.559718+00:00,6.717934,106528,0,9,5,4,0,1379303472,100,0,0,0,0,0
20,1,1,B2L,uniform,17,100,10,alternating,4,250,8,2026-10-08T13:46:48.278078+00:00,14.977368,196452,0,9,5,4,0,9212040883,100,0,0,92,0,0
20,1,2,B3L,uniform,17,100,10,alternating,4,250,8,2026-10-08T13:47:03.255817+00:00,11.017315,196460,0,9,5,4,0,5365629340,100,0,0,92,0,0
21,0,0,B4,single-hot,17,100,5,alternating,4,250,8,2026-10-08T13:47:14.273581+00:00,6.011095,110816,0,19,10,9,0,250828896,10,90,1,0,1,0
21,0,1,B2L,single-hot,17,100,5,alternating,4,250,8,2026-10-08T13:47:20.285090+00:00,9.448645,185160,0,19,10,9,0,4489691895,7,93,0,0,0,0
21,0,2,B3L,single-hot,17,100,5,alternating,4,250,8,2026-10-08T13:47:29.734102+00:00,6.214209,173728,0,19,10,9,0,421118294,7,93,0,0,0,0
21,1,0,B2L,single-hot,17,100,5,alternating,4,250,8,2026-10-08T13:47:35.948694+00:00,10.680701,185172,0,19,10,9,0,4813463230,7,93,0,0,0,0
21,1,1,B3L,single-hot,17,100,5,alternating,4,250,8,2026-10-08T13:47:46.629777+00:00,6.504710,174836,0,19,10,9,0,418354239,7,93,0,0,0,0
21,1,2,B4,single-hot,17,100,5,alternating,4,250,8,2026-10-08T13:47:53.134875+00:00,6.163005,109300,0,19,10,9,0,240466188,10,90,1,0,1,0
22,0,0,B2L,single-hot,17,100,10,alternating,4,250,8,2026-10-08T13:47:59.298259+00:00,9.111483,197580,0,9,5,4,0,3251506820,9,91,0,1,0,0
22,0,1,B3L,single-hot,17,100,10,alternating,4,250,8,2026-10-08T13:48:08.410145+00:00,6.617023,196308,0,9,5,4,0,553649096,9,91,0,1,0,0
22,0,2,B4,single-hot,17,100,10,alternating,4,250,8,2026-10-08T13:48:15.027572+00:00,6.270800,110752,0,9,5,4,0,284638797,12,88,1,0,1,0
22,1,0,B3L,single-hot,17,100,10,alternating,4,250,8,2026-10-08T13:48:21.298786+00:00,6.526851,197384,0,9,5,4,0,536396620,9,91,0,1,0,0
22,1,1,B4,single-hot,17,100,10,alternating,4,250,8,2026-10-08T13:48:27.826003+00:00,6.140994,109680,0,9,5,4,0,281254118,12,88,1,0,1,0
22,1,2,B2L,single-hot,17,100,10,alternating,4,250,8,2026-10-08T13:48:33.967416+00:00,9.395990,196536,0,9,5,4,0,3410707536,9,91,0,1,0,0
23,0,0,B3L,hot-pool,17,100,5,alternating,4,250,8,2026-10-08T13:48:43.363814+00:00,6.978362,197400,0,19,10,9,0,933721990,15,85,0,7,0,0
23,0,1,B4,hot-pool,17,100,5,alternating,4,250,8,2026-10-08T13:48:50.342655+00:00,6.911116,143640,0,19,10,9,0,795728707,27,73,4,0,4,0
23,0,2,B2L,hot-pool,17,100,5,alternating,4,250,8,2026-10-08T13:48:57.254197+00:00,14.791148,196524,0,19,10,9,0,8629766561,15,85,0,7,0,0
23,1,0,B4,hot-pool,17,100,5,alternating,4,250,8,2026-10-08T13:49:12.045741+00:00,6.927996,144920,0,19,10,9,0,795223701,27,73,4,0,4,0
23,1,1,B2L,hot-pool,17,100,5,alternating,4,250,8,2026-10-08T13:49:18.974161+00:00,14.819623,196044,0,19,10,9,0,8690878939,15,85,0,7,0,0
23,1,2,B3L,hot-pool,17,100,5,alternating,4,250,8,2026-10-08T13:49:33.794216+00:00,7.054284,196492,0,19,10,9,0,961413121,15,85,0,7,0,0
24,0,0,B4,hot-pool,17,100,10,alternating,4,250,8,2026-10-08T13:49:40.848888+00:00,6.992232,143692,0,9,5,4,0,858441499,27,73,4,0,5,1
24,0,1,B2L,hot-pool,17,100,10,alternating,4,250,8,2026-10-08T13:49:47.841598+00:00,9.909080,197320,0,9,5,4,0,3935050062,14,86,0,6,0,0
24,0,2,B3L,hot-pool,17,100,10,alternating,4,250,8,2026-10-08T13:49:57.751072+00:00,6.859278,197600,0,9,5,4,0,828643346,14,86,0,6,0,0
24,1,0,B2L,hot-pool,17,100,10,alternating,4,250,8,2026-10-08T13:50:04.610780+00:00,9.832156,195912,0,9,5,4,0,3866931165,14,86,0,6,0,0
24,1,1,B3L,hot-pool,17,100,10,alternating,4,250,8,2026-10-08T13:50:14.443354+00:00,6.858012,196496,0,9,5,4,0,833184875,14,86,0,6,0,0
24,1,2,B4,hot-pool,17,100,10,alternating,4,250,8,2026-10-08T13:50:21.301757+00:00,6.850422,144768,0,9,5,4,0,865743397,27,73,4,0,5,1
