update_mode,family,update_every,cap,paired_runs,median_updates,median_increase_updates,median_decrease_updates,b2l_median_algorithm_ms,b3l_median_algorithm_ms,b4_median_algorithm_ms,b4_vs_b2l_median_speedup,b4_vs_b3l_median_speedup,b2l_median_rss_mib,b3l_median_rss_mib,b4_median_rss_mib,b2l_vs_b4_median_rss_ratio,b3l_vs_b4_median_rss_ratio
alternating,hot-pool,5,2,4,19.0,10.0,9.0,5584.189,3509.396,1571.806,3.553,2.278,125.793,126.312,119.283,1.059,1.059
alternating,hot-pool,5,8,4,19.0,10.0,9.0,7967.026,762.556,772.053,10.568,1.003,192.291,192.348,141.512,1.361,1.360
alternating,hot-pool,10,2,4,9.0,5.0,4.0,4410.295,3374.785,1546.322,2.852,2.190,125.275,126.250,119.299,1.054,1.059
alternating,hot-pool,10,8,4,9.0,5.0,4.0,4257.358,970.425,842.170,5.114,1.153,191.775,192.301,140.887,1.361,1.365
alternating,single-hot,5,2,4,19.0,10.0,9.0,2394.618,395.510,222.908,10.671,1.775,124.977,126.234,108.172,1.155,1.167
alternating,single-hot,5,8,4,19.0,10.0,9.0,4840.487,419.379,224.956,21.629,1.866,180.830,170.141,107.400,1.688,1.584
alternating,single-hot,10,2,4,9.0,5.0,4.0,1382.765,432.239,223.048,6.319,1.927,125.809,125.805,107.217,1.168,1.176
alternating,single-hot,10,8,4,9.0,5.0,4.0,2860.024,476.419,247.193,11.665,1.936,186.740,181.160,107.662,1.739,1.682
alternating,uniform,5,2,4,19.0,10.0,9.0,7526.774,5497.438,1589.541,4.674,3.448,125.143,125.346,103.525,1.209,1.215
alternating,uniform,5,8,4,19.0,10.0,9.0,13657.806,5600.669,1647.432,8.303,3.394,192.438,192.396,103.547,1.862,1.857
alternating,uniform,10,2,4,9.0,5.0,4.0,6406.663,5408.102,1597.781,4.015,3.400,125.279,125.836,103.516,1.210,1.218
alternating,uniform,10,8,4,9.0,5.0,4.0,9325.619,5488.836,1584.735,5.922,3.535,191.926,192.414,104.041,1.844,1.849
