phase,graph_id,family,locality_percent,update_interval,update_mode,magnitude,budget_bytes,comparator,paired_samples,independent_seeds,geomean_comparator_over_v3,ci95_low,ci95_high,v3_wins,ties,v3_losses
holdout2,ny-road-distance,hot-pool,70,10,balanced-random,small,25165824,ADES,3,3,0.966898296,0.715700510,1.306261911,1,0,2
holdout2,ny-road-distance,hot-pool,70,10,balanced-random,small,25165824,ADES-V2,3,3,0.743871181,0.687188012,0.805229900,0,0,3
holdout2,ny-road-distance,hot-pool,70,10,balanced-random,small,25165824,B3L,3,3,2.443108396,1.874050003,3.184962315,3,0,0
holdout2,ny-road-distance,hot-pool,70,10,balanced-random,small,25165824,COLD,3,3,1.107175021,0.808862502,1.515506682,2,0,1
holdout2,ny-road-distance,hot-pool,70,10,balanced-random,small,25165824,FREQ-LRU-REPAIR,3,3,1.170564274,0.894854428,1.531221923,3,0,0
holdout2,ny-road-distance,hot-pool,70,10,balanced-random,small,50331648,ADES,3,3,1.275028785,1.205898270,1.348122344,3,0,0
holdout2,ny-road-distance,hot-pool,70,10,balanced-random,small,50331648,ADES-V2,3,3,1.259160817,0.694209771,2.283871577,3,0,0
holdout2,ny-road-distance,hot-pool,70,10,balanced-random,small,50331648,B3L,3,3,4.005511706,3.768088538,4.257894649,3,0,0
holdout2,ny-road-distance,hot-pool,70,10,balanced-random,small,50331648,COLD,3,3,2.456449437,1.824463244,3.307352921,3,0,0
holdout2,ny-road-distance,hot-pool,70,10,balanced-random,small,50331648,FREQ-LRU-REPAIR,3,3,1.267118312,1.210200254,1.326713336,3,0,0
holdout2,ny-road-distance,hot-pool,70,10,increase-only,large,25165824,ADES,3,3,0.934900941,0.851784702,1.026127574,0,0,3
holdout2,ny-road-distance,hot-pool,70,10,increase-only,large,25165824,ADES-V2,3,3,0.754212266,0.518669372,1.096722060,0,0,3
holdout2,ny-road-distance,hot-pool,70,10,increase-only,large,25165824,B3L,3,3,2.451512056,2.234648434,2.689421418,3,0,0
holdout2,ny-road-distance,hot-pool,70,10,increase-only,large,25165824,COLD,3,3,1.043142016,0.869424245,1.251569958,2,0,1
holdout2,ny-road-distance,hot-pool,70,10,increase-only,large,25165824,FREQ-LRU-REPAIR,3,3,1.151934146,1.113820848,1.191351623,3,0,0
holdout2,ny-road-distance,hot-pool,70,10,increase-only,large,50331648,ADES,3,3,1.216457533,1.009658111,1.465613868,3,0,0
holdout2,ny-road-distance,hot-pool,70,10,increase-only,large,50331648,ADES-V2,3,3,1.142236821,0.724792372,1.800108563,2,1,0
holdout2,ny-road-distance,hot-pool,70,10,increase-only,large,50331648,B3L,3,3,3.817428413,2.647583451,5.504173883,3,0,0
holdout2,ny-road-distance,hot-pool,70,10,increase-only,large,50331648,COLD,3,3,2.152472967,1.081016270,4.285911325,3,0,0
holdout2,ny-road-distance,hot-pool,70,10,increase-only,large,50331648,FREQ-LRU-REPAIR,3,3,1.186917327,0.973610147,1.446957743,3,0,0
holdout2,ny-road-distance,hot-pool,70,100,balanced-random,small,25165824,ADES,3,3,0.898917201,0.605725634,1.334023342,1,0,2
holdout2,ny-road-distance,hot-pool,70,100,balanced-random,small,25165824,ADES-V2,3,3,0.691678012,0.505559205,0.946315421,0,0,3
holdout2,ny-road-distance,hot-pool,70,100,balanced-random,small,25165824,B3L,3,3,2.382231732,1.736231482,3.268589518,3,0,0
holdout2,ny-road-distance,hot-pool,70,100,balanced-random,small,25165824,COLD,3,3,1.030184450,0.674610883,1.573173554,1,1,1
holdout2,ny-road-distance,hot-pool,70,100,balanced-random,small,25165824,FREQ-LRU-REPAIR,3,3,1.154390855,0.710976228,1.874349934,2,0,1
holdout2,ny-road-distance,hot-pool,70,100,balanced-random,small,50331648,ADES,3,3,1.223435274,1.106906897,1.352231046,3,0,0
holdout2,ny-road-distance,hot-pool,70,100,balanced-random,small,50331648,ADES-V2,3,3,1.326965803,0.881011173,1.998655974,3,0,0
holdout2,ny-road-distance,hot-pool,70,100,balanced-random,small,50331648,B3L,3,3,4.018458742,3.861201324,4.182120875,3,0,0
holdout2,ny-road-distance,hot-pool,70,100,balanced-random,small,50331648,COLD,3,3,2.346626158,1.870555656,2.943860187,3,0,0
holdout2,ny-road-distance,hot-pool,70,100,balanced-random,small,50331648,FREQ-LRU-REPAIR,3,3,1.215345416,1.105662306,1.335909231,3,0,0
holdout2,ny-road-distance,hot-pool,70,100,increase-only,large,25165824,ADES,3,3,0.922207194,0.777088189,1.094426760,0,1,2
holdout2,ny-road-distance,hot-pool,70,100,increase-only,large,25165824,ADES-V2,3,3,0.703817729,0.626828988,0.790262425,0,0,3
holdout2,ny-road-distance,hot-pool,70,100,increase-only,large,25165824,B3L,3,3,2.477009766,1.990895372,3.081818094,3,0,0
holdout2,ny-road-distance,hot-pool,70,100,increase-only,large,25165824,COLD,3,3,1.032682548,0.820167307,1.300263053,2,0,1
holdout2,ny-road-distance,hot-pool,70,100,increase-only,large,25165824,FREQ-LRU-REPAIR,3,3,1.150029571,0.857800352,1.541813326,2,1,0
holdout2,ny-road-distance,hot-pool,70,100,increase-only,large,50331648,ADES,3,3,1.207479085,1.129946445,1.290331720,3,0,0
holdout2,ny-road-distance,hot-pool,70,100,increase-only,large,50331648,ADES-V2,3,3,1.217806504,0.830590867,1.785539356,3,0,0
holdout2,ny-road-distance,hot-pool,70,100,increase-only,large,50331648,B3L,3,3,4.009660868,3.685628675,4.362181244,3,0,0
holdout2,ny-road-distance,hot-pool,70,100,increase-only,large,50331648,COLD,3,3,2.270805950,1.725764311,2.987986035,3,0,0
holdout2,ny-road-distance,hot-pool,70,100,increase-only,large,50331648,FREQ-LRU-REPAIR,3,3,1.193289661,1.142756507,1.246057412,3,0,0
holdout2,ny-road-distance,rotating-hot,80,10,balanced-random,small,25165824,ADES,3,3,1.641521150,1.392420941,1.935184689,3,0,0
holdout2,ny-road-distance,rotating-hot,80,10,balanced-random,small,25165824,ADES-V2,3,3,1.425406128,1.000913906,2.029927468,3,0,0
holdout2,ny-road-distance,rotating-hot,80,10,balanced-random,small,25165824,B3L,3,3,1.945666983,1.397203275,2.709426807,3,0,0
holdout2,ny-road-distance,rotating-hot,80,10,balanced-random,small,25165824,COLD,3,3,1.926177370,1.739748572,2.132583594,3,0,0
holdout2,ny-road-distance,rotating-hot,80,10,balanced-random,small,25165824,FREQ-LRU-REPAIR,3,3,1.394771984,1.157754561,1.680312006,3,0,0
holdout2,ny-road-distance,rotating-hot,80,10,balanced-random,small,50331648,ADES,3,3,1.360913548,1.153543135,1.605562574,3,0,0
holdout2,ny-road-distance,rotating-hot,80,10,balanced-random,small,50331648,ADES-V2,3,3,1.017167740,0.991605998,1.043388416,2,1,0
holdout2,ny-road-distance,rotating-hot,80,10,balanced-random,small,50331648,B3L,3,3,2.399509997,2.075014654,2.774750634,3,0,0
holdout2,ny-road-distance,rotating-hot,80,10,balanced-random,small,50331648,COLD,3,3,2.760911067,2.638289753,2.889231522,3,0,0
holdout2,ny-road-distance,rotating-hot,80,10,balanced-random,small,50331648,FREQ-LRU-REPAIR,3,3,1.346775677,1.239123171,1.463780814,3,0,0
holdout2,ny-road-distance,rotating-hot,80,10,increase-only,large,25165824,ADES,3,3,1.618015892,0.979017036,2.674085670,3,0,0
holdout2,ny-road-distance,rotating-hot,80,10,increase-only,large,25165824,ADES-V2,3,3,1.361997682,0.935239600,1.983489242,3,0,0
holdout2,ny-road-distance,rotating-hot,80,10,increase-only,large,25165824,B3L,3,3,1.778672636,1.071821028,2.951683407,3,0,0
holdout2,ny-road-distance,rotating-hot,80,10,increase-only,large,25165824,COLD,3,3,1.961796950,1.451310528,2.651842730,3,0,0
holdout2,ny-road-distance,rotating-hot,80,10,increase-only,large,25165824,FREQ-LRU-REPAIR,3,3,1.477546692,1.279939376,1.705662211,3,0,0
holdout2,ny-road-distance,rotating-hot,80,10,increase-only,large,50331648,ADES,3,3,1.356320229,1.196287472,1.537761286,3,0,0
holdout2,ny-road-distance,rotating-hot,80,10,increase-only,large,50331648,ADES-V2,3,3,1.016060523,0.984962368,1.048140539,2,1,0
holdout2,ny-road-distance,rotating-hot,80,10,increase-only,large,50331648,B3L,3,3,2.388964374,1.713663071,3.330380911,3,0,0
holdout2,ny-road-distance,rotating-hot,80,10,increase-only,large,50331648,COLD,3,3,2.854461665,2.032603697,4.008627659,3,0,0
holdout2,ny-road-distance,rotating-hot,80,10,increase-only,large,50331648,FREQ-LRU-REPAIR,3,3,1.343480165,1.142807595,1.579390059,3,0,0
holdout2,ny-road-distance,rotating-hot,80,100,balanced-random,small,25165824,ADES,3,3,1.697783509,1.148065354,2.510718429,3,0,0
holdout2,ny-road-distance,rotating-hot,80,100,balanced-random,small,25165824,ADES-V2,3,3,1.397611391,1.324275182,1.475008841,3,0,0
holdout2,ny-road-distance,rotating-hot,80,100,balanced-random,small,25165824,B3L,3,3,1.757792389,1.149487029,2.688011264,3,0,0
holdout2,ny-road-distance,rotating-hot,80,100,balanced-random,small,25165824,COLD,3,3,2.144901276,1.910109177,2.408554202,3,0,0
holdout2,ny-road-distance,rotating-hot,80,100,balanced-random,small,25165824,FREQ-LRU-REPAIR,3,3,1.455482082,1.132818226,1.870051206,3,0,0
holdout2,ny-road-distance,rotating-hot,80,100,balanced-random,small,50331648,ADES,3,3,1.379848729,1.335880508,1.425264089,3,0,0
holdout2,ny-road-distance,rotating-hot,80,100,balanced-random,small,50331648,ADES-V2,3,3,1.016263414,0.984770804,1.048763147,2,1,0
holdout2,ny-road-distance,rotating-hot,80,100,balanced-random,small,50331648,B3L,3,3,2.288296150,1.734412058,3.019063000,3,0,0
holdout2,ny-road-distance,rotating-hot,80,100,balanced-random,small,50331648,COLD,3,3,3.044327669,2.594663386,3.571920351,3,0,0
holdout2,ny-road-distance,rotating-hot,80,100,balanced-random,small,50331648,FREQ-LRU-REPAIR,3,3,1.349880034,1.205330662,1.511764501,3,0,0
holdout2,ny-road-distance,rotating-hot,80,100,increase-only,large,25165824,ADES,3,3,1.802240470,1.624781823,1.999081149,3,0,0
holdout2,ny-road-distance,rotating-hot,80,100,increase-only,large,25165824,ADES-V2,3,3,1.373270492,1.251923993,1.506378866,3,0,0
holdout2,ny-road-distance,rotating-hot,80,100,increase-only,large,25165824,B3L,3,3,1.803304031,1.309275214,2.483744740,3,0,0
holdout2,ny-road-distance,rotating-hot,80,100,increase-only,large,25165824,COLD,3,3,2.095301071,1.856761410,2.364486118,3,0,0
holdout2,ny-road-distance,rotating-hot,80,100,increase-only,large,25165824,FREQ-LRU-REPAIR,3,3,1.411240781,1.263962081,1.575680610,3,0,0
holdout2,ny-road-distance,rotating-hot,80,100,increase-only,large,50331648,ADES,3,3,1.395949466,1.224063411,1.591972192,3,0,0
holdout2,ny-road-distance,rotating-hot,80,100,increase-only,large,50331648,ADES-V2,3,3,1.002982838,0.989943938,1.016193477,0,3,0
holdout2,ny-road-distance,rotating-hot,80,100,increase-only,large,50331648,B3L,3,3,2.381744578,1.752809141,3.236351922,3,0,0
holdout2,ny-road-distance,rotating-hot,80,100,increase-only,large,50331648,COLD,3,3,3.035247309,2.380287079,3.870426516,3,0,0
holdout2,ny-road-distance,rotating-hot,80,100,increase-only,large,50331648,FREQ-LRU-REPAIR,3,3,1.353240465,1.133210599,1.615992435,3,0,0
holdout2,syn-scale-free-50000-m4-v1,hot-pool,70,10,balanced-random,small,25165824,ADES,3,3,0.994570358,0.648911983,1.524351875,1,0,2
holdout2,syn-scale-free-50000-m4-v1,hot-pool,70,10,balanced-random,small,25165824,ADES-V2,3,3,0.788737979,0.637423987,0.975971429,0,0,3
holdout2,syn-scale-free-50000-m4-v1,hot-pool,70,10,balanced-random,small,25165824,B3L,3,3,4.980434681,3.074741157,8.067257808,3,0,0
holdout2,syn-scale-free-50000-m4-v1,hot-pool,70,10,balanced-random,small,25165824,COLD,3,3,0.851475116,0.522417823,1.387796972,1,0,2
holdout2,syn-scale-free-50000-m4-v1,hot-pool,70,10,balanced-random,small,25165824,FREQ-LRU-REPAIR,3,3,0.911806598,0.741448081,1.121307470,0,1,2
holdout2,syn-scale-free-50000-m4-v1,hot-pool,70,10,balanced-random,small,50331648,ADES,3,3,0.993621578,0.704131872,1.402129174,1,0,2
holdout2,syn-scale-free-50000-m4-v1,hot-pool,70,10,balanced-random,small,50331648,ADES-V2,3,3,0.783362505,0.609601767,1.006651961,0,0,3
holdout2,syn-scale-free-50000-m4-v1,hot-pool,70,10,balanced-random,small,50331648,B3L,3,3,4.912521092,3.383278706,7.132981223,3,0,0
holdout2,syn-scale-free-50000-m4-v1,hot-pool,70,10,balanced-random,small,50331648,COLD,3,3,0.845679301,0.507881485,1.408150327,1,0,2
holdout2,syn-scale-free-50000-m4-v1,hot-pool,70,10,balanced-random,small,50331648,FREQ-LRU-REPAIR,3,3,0.897352474,0.745893783,1.079565858,0,0,3
holdout2,syn-scale-free-50000-m4-v1,hot-pool,70,10,increase-only,large,25165824,ADES,3,3,1.120505890,0.836500262,1.500936110,3,0,0
holdout2,syn-scale-free-50000-m4-v1,hot-pool,70,10,increase-only,large,25165824,ADES-V2,3,3,0.791575333,0.618394077,1.013255999,0,0,3
holdout2,syn-scale-free-50000-m4-v1,hot-pool,70,10,increase-only,large,25165824,B3L,3,3,5.564600475,4.005124125,7.731290587,3,0,0
holdout2,syn-scale-free-50000-m4-v1,hot-pool,70,10,increase-only,large,25165824,COLD,3,3,0.900485016,0.546938984,1.482566223,1,0,2
holdout2,syn-scale-free-50000-m4-v1,hot-pool,70,10,increase-only,large,25165824,FREQ-LRU-REPAIR,3,3,0.979252097,0.841939265,1.138959435,1,1,1
holdout2,syn-scale-free-50000-m4-v1,hot-pool,70,10,increase-only,large,50331648,ADES,3,3,1.124234915,0.910019606,1.388875729,3,0,0
holdout2,syn-scale-free-50000-m4-v1,hot-pool,70,10,increase-only,large,50331648,ADES-V2,3,3,0.809340291,0.647109134,1.012243025,0,0,3
holdout2,syn-scale-free-50000-m4-v1,hot-pool,70,10,increase-only,large,50331648,B3L,3,3,5.442236566,4.081697400,7.256279910,3,0,0
holdout2,syn-scale-free-50000-m4-v1,hot-pool,70,10,increase-only,large,50331648,COLD,3,3,0.921913700,0.523391810,1.623878811,1,0,2
holdout2,syn-scale-free-50000-m4-v1,hot-pool,70,10,increase-only,large,50331648,FREQ-LRU-REPAIR,3,3,0.959696368,0.820191925,1.122928781,0,1,2
holdout2,syn-scale-free-50000-m4-v1,hot-pool,70,100,balanced-random,small,25165824,ADES,3,3,1.092869076,0.823118772,1.451021236,2,0,1
holdout2,syn-scale-free-50000-m4-v1,hot-pool,70,100,balanced-random,small,25165824,ADES-V2,3,3,0.829011080,0.671187017,1.023946162,0,0,3
holdout2,syn-scale-free-50000-m4-v1,hot-pool,70,100,balanced-random,small,25165824,B3L,3,3,5.320200643,3.060447177,9.248496461,3,0,0
holdout2,syn-scale-free-50000-m4-v1,hot-pool,70,100,balanced-random,small,25165824,COLD,3,3,0.896294050,0.551380203,1.456967478,1,0,2
holdout2,syn-scale-free-50000-m4-v1,hot-pool,70,100,balanced-random,small,25165824,FREQ-LRU-REPAIR,3,3,0.938709174,0.792834828,1.111423065,0,0,3
holdout2,syn-scale-free-50000-m4-v1,hot-pool,70,100,balanced-random,small,50331648,ADES,3,3,1.119588401,0.808974364,1.549465896,2,0,1
holdout2,syn-scale-free-50000-m4-v1,hot-pool,70,100,balanced-random,small,50331648,ADES-V2,3,3,0.818300005,0.683591027,0.979554838,0,0,3
holdout2,syn-scale-free-50000-m4-v1,hot-pool,70,100,balanced-random,small,50331648,B3L,3,3,5.281066304,3.159962787,8.825946121,3,0,0
holdout2,syn-scale-free-50000-m4-v1,hot-pool,70,100,balanced-random,small,50331648,COLD,3,3,0.900455930,0.502227183,1.614450409,1,0,2
holdout2,syn-scale-free-50000-m4-v1,hot-pool,70,100,balanced-random,small,50331648,FREQ-LRU-REPAIR,3,3,0.939455731,0.765701444,1.152638640,0,1,2
holdout2,syn-scale-free-50000-m4-v1,hot-pool,70,100,increase-only,large,25165824,ADES,3,3,1.084135176,0.729117014,1.612017080,2,0,1
holdout2,syn-scale-free-50000-m4-v1,hot-pool,70,100,increase-only,large,25165824,ADES-V2,3,3,0.903243874,0.815923835,0.999908889,0,0,3
holdout2,syn-scale-free-50000-m4-v1,hot-pool,70,100,increase-only,large,25165824,B3L,3,3,5.730210707,2.422148466,13.556276675,3,0,0
holdout2,syn-scale-free-50000-m4-v1,hot-pool,70,100,increase-only,large,25165824,COLD,3,3,0.974479882,0.620348254,1.530770877,1,0,2
holdout2,syn-scale-free-50000-m4-v1,hot-pool,70,100,increase-only,large,25165824,FREQ-LRU-REPAIR,3,3,0.981146242,0.675502340,1.425084549,1,1,1
holdout2,syn-scale-free-50000-m4-v1,hot-pool,70,100,increase-only,large,50331648,ADES,3,3,1.116096894,0.753950130,1.652194524,2,0,1
holdout2,syn-scale-free-50000-m4-v1,hot-pool,70,100,increase-only,large,50331648,ADES-V2,3,3,0.914338246,0.802175912,1.042183411,0,0,3
holdout2,syn-scale-free-50000-m4-v1,hot-pool,70,100,increase-only,large,50331648,B3L,3,3,5.762356214,2.659405094,12.485780832,3,0,0
holdout2,syn-scale-free-50000-m4-v1,hot-pool,70,100,increase-only,large,50331648,COLD,3,3,1.001759389,0.646282780,1.552759728,1,0,2
holdout2,syn-scale-free-50000-m4-v1,hot-pool,70,100,increase-only,large,50331648,FREQ-LRU-REPAIR,3,3,1.005237392,0.723689661,1.396319816,1,0,2
holdout2,syn-scale-free-50000-m4-v1,rotating-hot,80,10,balanced-random,small,25165824,ADES,3,3,1.340259653,1.162060485,1.545785232,3,0,0
holdout2,syn-scale-free-50000-m4-v1,rotating-hot,80,10,balanced-random,small,25165824,ADES-V2,3,3,0.971543293,0.779372645,1.211097640,1,0,2
holdout2,syn-scale-free-50000-m4-v1,rotating-hot,80,10,balanced-random,small,25165824,B3L,3,3,4.920885774,3.576173538,6.771236503,3,0,0
holdout2,syn-scale-free-50000-m4-v1,rotating-hot,80,10,balanced-random,small,25165824,COLD,3,3,1.124148700,0.651817327,1.938749168,2,0,1
holdout2,syn-scale-free-50000-m4-v1,rotating-hot,80,10,balanced-random,small,25165824,FREQ-LRU-REPAIR,3,3,1.079456418,0.748751493,1.556225488,2,0,1
holdout2,syn-scale-free-50000-m4-v1,rotating-hot,80,10,balanced-random,small,50331648,ADES,3,3,1.304752179,1.056838774,1.610821149,3,0,0
holdout2,syn-scale-free-50000-m4-v1,rotating-hot,80,10,balanced-random,small,50331648,ADES-V2,3,3,0.937143226,0.725380276,1.210726918,1,0,2
holdout2,syn-scale-free-50000-m4-v1,rotating-hot,80,10,balanced-random,small,50331648,B3L,3,3,4.442328558,3.086217898,6.394325894,3,0,0
holdout2,syn-scale-free-50000-m4-v1,rotating-hot,80,10,balanced-random,small,50331648,COLD,3,3,1.056722280,0.641451900,1.740835090,2,0,1
holdout2,syn-scale-free-50000-m4-v1,rotating-hot,80,10,balanced-random,small,50331648,FREQ-LRU-REPAIR,3,3,1.042622023,0.675857192,1.608417719,2,0,1
holdout2,syn-scale-free-50000-m4-v1,rotating-hot,80,10,increase-only,large,25165824,ADES,3,3,1.302359708,0.963553732,1.760297068,3,0,0
holdout2,syn-scale-free-50000-m4-v1,rotating-hot,80,10,increase-only,large,25165824,ADES-V2,3,3,1.056445035,0.735137262,1.518187378,2,0,1
holdout2,syn-scale-free-50000-m4-v1,rotating-hot,80,10,increase-only,large,25165824,B3L,3,3,5.308510826,4.442386971,6.343501225,3,0,0
holdout2,syn-scale-free-50000-m4-v1,rotating-hot,80,10,increase-only,large,25165824,COLD,3,3,1.144996846,0.673137769,1.947621775,2,0,1
holdout2,syn-scale-free-50000-m4-v1,rotating-hot,80,10,increase-only,large,25165824,FREQ-LRU-REPAIR,3,3,1.187980435,0.762221608,1.851557999,2,0,1
holdout2,syn-scale-free-50000-m4-v1,rotating-hot,80,10,increase-only,large,50331648,ADES,3,3,1.313640285,1.032027481,1.672097720,3,0,0
holdout2,syn-scale-free-50000-m4-v1,rotating-hot,80,10,increase-only,large,50331648,ADES-V2,3,3,1.072897264,0.757839166,1.518935139,2,0,1
holdout2,syn-scale-free-50000-m4-v1,rotating-hot,80,10,increase-only,large,50331648,B3L,3,3,4.935747885,4.320447271,5.638677122,3,0,0
holdout2,syn-scale-free-50000-m4-v1,rotating-hot,80,10,increase-only,large,50331648,COLD,3,3,1.154681330,0.720246726,1.851155895,2,0,1
holdout2,syn-scale-free-50000-m4-v1,rotating-hot,80,10,increase-only,large,50331648,FREQ-LRU-REPAIR,3,3,1.170038419,0.735285863,1.861847170,2,0,1
holdout2,syn-scale-free-50000-m4-v1,rotating-hot,80,100,balanced-random,small,25165824,ADES,3,3,1.132916695,0.660403809,1.943508228,2,0,1
holdout2,syn-scale-free-50000-m4-v1,rotating-hot,80,100,balanced-random,small,25165824,ADES-V2,3,3,0.990831838,0.586559406,1.673739644,2,0,1
holdout2,syn-scale-free-50000-m4-v1,rotating-hot,80,100,balanced-random,small,25165824,B3L,3,3,4.433697443,2.605405013,7.544958620,3,0,0
holdout2,syn-scale-free-50000-m4-v1,rotating-hot,80,100,balanced-random,small,25165824,COLD,3,3,1.031108590,0.523342901,2.031526408,2,0,1
holdout2,syn-scale-free-50000-m4-v1,rotating-hot,80,100,balanced-random,small,25165824,FREQ-LRU-REPAIR,3,3,1.000391843,0.734518211,1.362503781,1,0,2
holdout2,syn-scale-free-50000-m4-v1,rotating-hot,80,100,balanced-random,small,50331648,ADES,3,3,1.146810519,0.666788825,1.972400133,2,0,1
holdout2,syn-scale-free-50000-m4-v1,rotating-hot,80,100,balanced-random,small,50331648,ADES-V2,3,3,0.995224149,0.539999647,1.834206950,2,0,1
holdout2,syn-scale-free-50000-m4-v1,rotating-hot,80,100,balanced-random,small,50331648,B3L,3,3,4.078965707,2.651231830,6.275558798,3,0,0
holdout2,syn-scale-free-50000-m4-v1,rotating-hot,80,100,balanced-random,small,50331648,COLD,3,3,1.045588306,0.565423276,1.933515919,2,0,1
holdout2,syn-scale-free-50000-m4-v1,rotating-hot,80,100,balanced-random,small,50331648,FREQ-LRU-REPAIR,3,3,1.014532358,0.771435010,1.334235409,2,0,1
holdout2,syn-scale-free-50000-m4-v1,rotating-hot,80,100,increase-only,large,25165824,ADES,3,3,1.127395737,0.665086209,1.911062253,2,0,1
holdout2,syn-scale-free-50000-m4-v1,rotating-hot,80,100,increase-only,large,25165824,ADES-V2,3,3,0.946684548,0.504951023,1.774848634,2,0,1
holdout2,syn-scale-free-50000-m4-v1,rotating-hot,80,100,increase-only,large,25165824,B3L,3,3,4.406662308,2.663784986,7.289879925,3,0,0
holdout2,syn-scale-free-50000-m4-v1,rotating-hot,80,100,increase-only,large,25165824,COLD,3,3,1.023060817,0.474005700,2.208103057,2,0,1
holdout2,syn-scale-free-50000-m4-v1,rotating-hot,80,100,increase-only,large,25165824,FREQ-LRU-REPAIR,3,3,0.987634406,0.723974954,1.347314179,1,0,2
holdout2,syn-scale-free-50000-m4-v1,rotating-hot,80,100,increase-only,large,50331648,ADES,3,3,1.135723760,0.676218543,1.907472772,2,0,1
holdout2,syn-scale-free-50000-m4-v1,rotating-hot,80,100,increase-only,large,50331648,ADES-V2,3,3,0.983420061,0.525753312,1.839484401,2,0,1
holdout2,syn-scale-free-50000-m4-v1,rotating-hot,80,100,increase-only,large,50331648,B3L,3,3,4.123659431,2.944945956,5.774152516,3,0,0
holdout2,syn-scale-free-50000-m4-v1,rotating-hot,80,100,increase-only,large,50331648,COLD,3,3,1.041423182,0.524287744,2.068639323,2,0,1
holdout2,syn-scale-free-50000-m4-v1,rotating-hot,80,100,increase-only,large,50331648,FREQ-LRU-REPAIR,3,3,1.016897937,0.761442870,1.358055154,2,0,1
holdout2,syn-small-world-50000-k8-r10-v1,hot-pool,70,10,balanced-random,small,25165824,ADES,3,3,0.996100203,0.951471322,1.042822407,1,1,1
holdout2,syn-small-world-50000-k8-r10-v1,hot-pool,70,10,balanced-random,small,25165824,ADES-V2,3,3,0.989412337,0.924028725,1.059422447,0,2,1
holdout2,syn-small-world-50000-k8-r10-v1,hot-pool,70,10,balanced-random,small,25165824,B3L,3,3,28.252809306,15.107055321,52.837645508,3,0,0
holdout2,syn-small-world-50000-k8-r10-v1,hot-pool,70,10,balanced-random,small,25165824,COLD,3,3,0.988193016,0.958501349,1.018804447,0,1,2
holdout2,syn-small-world-50000-k8-r10-v1,hot-pool,70,10,balanced-random,small,25165824,FREQ-LRU-REPAIR,3,3,3.807079540,3.466501500,4.181118809,3,0,0
holdout2,syn-small-world-50000-k8-r10-v1,hot-pool,70,10,balanced-random,small,50331648,ADES,3,3,0.996292903,0.946745858,1.048432947,1,1,1
holdout2,syn-small-world-50000-k8-r10-v1,hot-pool,70,10,balanced-random,small,50331648,ADES-V2,3,3,0.994219635,0.953927779,1.036213332,1,1,1
holdout2,syn-small-world-50000-k8-r10-v1,hot-pool,70,10,balanced-random,small,50331648,B3L,3,3,28.485114086,18.438116032,44.006758774,3,0,0
holdout2,syn-small-world-50000-k8-r10-v1,hot-pool,70,10,balanced-random,small,50331648,COLD,3,3,1.000731447,0.967351831,1.035262866,1,1,1
holdout2,syn-small-world-50000-k8-r10-v1,hot-pool,70,10,balanced-random,small,50331648,FREQ-LRU-REPAIR,3,3,3.821301703,3.722488339,3.922738064,3,0,0
holdout2,syn-small-world-50000-k8-r10-v1,hot-pool,70,10,increase-only,large,25165824,ADES,3,3,0.988097398,0.887589988,1.099985896,2,0,1
holdout2,syn-small-world-50000-k8-r10-v1,hot-pool,70,10,increase-only,large,25165824,ADES-V2,3,3,0.995938433,0.893086246,1.110635581,2,0,1
holdout2,syn-small-world-50000-k8-r10-v1,hot-pool,70,10,increase-only,large,25165824,B3L,3,3,31.508379070,13.452606008,73.798188324,3,0,0
holdout2,syn-small-world-50000-k8-r10-v1,hot-pool,70,10,increase-only,large,25165824,COLD,3,3,0.978930324,0.891233801,1.075256098,0,2,1
holdout2,syn-small-world-50000-k8-r10-v1,hot-pool,70,10,increase-only,large,25165824,FREQ-LRU-REPAIR,3,3,3.769616572,2.967767876,4.788113389,3,0,0
holdout2,syn-small-world-50000-k8-r10-v1,hot-pool,70,10,increase-only,large,50331648,ADES,3,3,0.996828574,0.955758297,1.039663699,1,1,1
holdout2,syn-small-world-50000-k8-r10-v1,hot-pool,70,10,increase-only,large,50331648,ADES-V2,3,3,0.998394589,0.976326089,1.020961917,0,2,1
holdout2,syn-small-world-50000-k8-r10-v1,hot-pool,70,10,increase-only,large,50331648,B3L,3,3,31.148997709,16.015251030,60.583506089,3,0,0
holdout2,syn-small-world-50000-k8-r10-v1,hot-pool,70,10,increase-only,large,50331648,COLD,3,3,0.988903309,0.959518295,1.019188232,0,2,1
holdout2,syn-small-world-50000-k8-r10-v1,hot-pool,70,10,increase-only,large,50331648,FREQ-LRU-REPAIR,3,3,3.822093653,3.241514475,4.506658849,3,0,0
holdout2,syn-small-world-50000-k8-r10-v1,hot-pool,70,100,balanced-random,small,25165824,ADES,3,3,1.065735897,0.807943397,1.405782889,1,2,0
holdout2,syn-small-world-50000-k8-r10-v1,hot-pool,70,100,balanced-random,small,25165824,ADES-V2,3,3,1.021457976,0.977294446,1.067617237,2,1,0
holdout2,syn-small-world-50000-k8-r10-v1,hot-pool,70,100,balanced-random,small,25165824,B3L,3,3,28.860644462,17.344743312,48.022434451,3,0,0
holdout2,syn-small-world-50000-k8-r10-v1,hot-pool,70,100,balanced-random,small,25165824,COLD,3,3,1.002145520,0.987798202,1.016701225,0,3,0
holdout2,syn-small-world-50000-k8-r10-v1,hot-pool,70,100,balanced-random,small,25165824,FREQ-LRU-REPAIR,3,3,3.804615685,3.752132890,3.857832582,3,0,0
holdout2,syn-small-world-50000-k8-r10-v1,hot-pool,70,100,balanced-random,small,50331648,ADES,3,3,1.040824821,0.913921461,1.185349457,2,1,0
holdout2,syn-small-world-50000-k8-r10-v1,hot-pool,70,100,balanced-random,small,50331648,ADES-V2,3,3,1.015000391,0.980734952,1.050463013,2,1,0
holdout2,syn-small-world-50000-k8-r10-v1,hot-pool,70,100,balanced-random,small,50331648,B3L,3,3,29.006008717,19.298678007,43.596174896,3,0,0
holdout2,syn-small-world-50000-k8-r10-v1,hot-pool,70,100,balanced-random,small,50331648,COLD,3,3,1.029718430,0.906772777,1.169333786,1,2,0
holdout2,syn-small-world-50000-k8-r10-v1,hot-pool,70,100,balanced-random,small,50331648,FREQ-LRU-REPAIR,3,3,3.845225307,3.745797532,3.947292275,3,0,0
holdout2,syn-small-world-50000-k8-r10-v1,hot-pool,70,100,increase-only,large,25165824,ADES,3,3,0.997625157,0.978674772,1.016942485,0,3,0
holdout2,syn-small-world-50000-k8-r10-v1,hot-pool,70,100,increase-only,large,25165824,ADES-V2,3,3,1.006703871,0.964426637,1.050834398,1,2,0
holdout2,syn-small-world-50000-k8-r10-v1,hot-pool,70,100,increase-only,large,25165824,B3L,3,3,29.680865407,16.634352217,52.959908496,3,0,0
holdout2,syn-small-world-50000-k8-r10-v1,hot-pool,70,100,increase-only,large,25165824,COLD,3,3,1.003122987,0.970288757,1.037068316,1,1,1
holdout2,syn-small-world-50000-k8-r10-v1,hot-pool,70,100,increase-only,large,25165824,FREQ-LRU-REPAIR,3,3,3.778957469,3.703110950,3.856357465,3,0,0
holdout2,syn-small-world-50000-k8-r10-v1,hot-pool,70,100,increase-only,large,50331648,ADES,3,3,1.006803437,1.000201514,1.013448936,0,3,0
holdout2,syn-small-world-50000-k8-r10-v1,hot-pool,70,100,increase-only,large,50331648,ADES-V2,3,3,1.011807249,0.953302893,1.073902026,1,2,0
holdout2,syn-small-world-50000-k8-r10-v1,hot-pool,70,100,increase-only,large,50331648,B3L,3,3,29.957307429,19.478959378,46.072290156,3,0,0
holdout2,syn-small-world-50000-k8-r10-v1,hot-pool,70,100,increase-only,large,50331648,COLD,3,3,1.005319788,0.992112218,1.018703184,0,3,0
holdout2,syn-small-world-50000-k8-r10-v1,hot-pool,70,100,increase-only,large,50331648,FREQ-LRU-REPAIR,3,3,4.287190893,2.584609279,7.111328547,3,0,0
holdout2,syn-small-world-50000-k8-r10-v1,rotating-hot,80,10,balanced-random,small,25165824,ADES,3,3,0.823767002,0.336893736,2.014261475,1,1,1
holdout2,syn-small-world-50000-k8-r10-v1,rotating-hot,80,10,balanced-random,small,25165824,ADES-V2,3,3,0.823247722,0.337601297,2.007506539,1,1,1
holdout2,syn-small-world-50000-k8-r10-v1,rotating-hot,80,10,balanced-random,small,25165824,B3L,3,3,19.673721622,11.530438881,33.568134435,3,0,0
holdout2,syn-small-world-50000-k8-r10-v1,rotating-hot,80,10,balanced-random,small,25165824,COLD,3,3,0.813780003,0.342683784,1.932504321,0,2,1
holdout2,syn-small-world-50000-k8-r10-v1,rotating-hot,80,10,balanced-random,small,25165824,FREQ-LRU-REPAIR,3,3,3.139981967,1.350602879,7.300063477,3,0,0
holdout2,syn-small-world-50000-k8-r10-v1,rotating-hot,80,10,balanced-random,small,50331648,ADES,3,3,0.828433038,0.358270441,1.915595650,1,1,1
holdout2,syn-small-world-50000-k8-r10-v1,rotating-hot,80,10,balanced-random,small,50331648,ADES-V2,3,3,0.820467457,0.341906833,1.968860470,0,2,1
holdout2,syn-small-world-50000-k8-r10-v1,rotating-hot,80,10,balanced-random,small,50331648,B3L,3,3,18.596109375,9.785612512,35.339155672,3,0,0
holdout2,syn-small-world-50000-k8-r10-v1,rotating-hot,80,10,balanced-random,small,50331648,COLD,3,3,0.817053947,0.347323591,1.922061068,0,1,2
holdout2,syn-small-world-50000-k8-r10-v1,rotating-hot,80,10,balanced-random,small,50331648,FREQ-LRU-REPAIR,3,3,3.138840585,1.354173283,7.275523999,3,0,0
holdout2,syn-small-world-50000-k8-r10-v1,rotating-hot,80,10,increase-only,large,25165824,ADES,3,3,1.016590946,0.980933370,1.053544698,2,1,0
holdout2,syn-small-world-50000-k8-r10-v1,rotating-hot,80,10,increase-only,large,25165824,ADES-V2,3,3,1.013656861,0.999952668,1.027548867,2,1,0
holdout2,syn-small-world-50000-k8-r10-v1,rotating-hot,80,10,increase-only,large,25165824,B3L,3,3,23.691699951,12.665640413,44.316483674,3,0,0
holdout2,syn-small-world-50000-k8-r10-v1,rotating-hot,80,10,increase-only,large,25165824,COLD,3,3,1.003143103,0.990845037,1.015593809,0,3,0
holdout2,syn-small-world-50000-k8-r10-v1,rotating-hot,80,10,increase-only,large,25165824,FREQ-LRU-REPAIR,3,3,3.957124972,3.862591678,4.053971880,3,0,0
holdout2,syn-small-world-50000-k8-r10-v1,rotating-hot,80,10,increase-only,large,50331648,ADES,3,3,1.005491553,0.987274480,1.024044766,0,3,0
holdout2,syn-small-world-50000-k8-r10-v1,rotating-hot,80,10,increase-only,large,50331648,ADES-V2,3,3,1.017352537,0.989533838,1.045953302,2,1,0
holdout2,syn-small-world-50000-k8-r10-v1,rotating-hot,80,10,increase-only,large,50331648,B3L,3,3,21.815028938,12.294625114,38.707604595,3,0,0
holdout2,syn-small-world-50000-k8-r10-v1,rotating-hot,80,10,increase-only,large,50331648,COLD,3,3,0.999920991,0.979558998,1.020706247,0,3,0
holdout2,syn-small-world-50000-k8-r10-v1,rotating-hot,80,10,increase-only,large,50331648,FREQ-LRU-REPAIR,3,3,3.968363642,3.788804972,4.156431939,3,0,0
holdout2,syn-small-world-50000-k8-r10-v1,rotating-hot,80,100,balanced-random,small,25165824,ADES,3,3,1.010092660,1.003290315,1.016941124,1,2,0
holdout2,syn-small-world-50000-k8-r10-v1,rotating-hot,80,100,balanced-random,small,25165824,ADES-V2,3,3,1.007989272,0.995199382,1.020943533,2,1,0
holdout2,syn-small-world-50000-k8-r10-v1,rotating-hot,80,100,balanced-random,small,25165824,B3L,3,3,21.348677203,12.412142677,36.719366687,3,0,0
holdout2,syn-small-world-50000-k8-r10-v1,rotating-hot,80,100,balanced-random,small,25165824,COLD,3,3,0.998339908,0.985756455,1.011083992,0,3,0
holdout2,syn-small-world-50000-k8-r10-v1,rotating-hot,80,100,balanced-random,small,25165824,FREQ-LRU-REPAIR,3,3,3.864654963,3.413967059,4.374839512,3,0,0
holdout2,syn-small-world-50000-k8-r10-v1,rotating-hot,80,100,balanced-random,small,50331648,ADES,3,3,1.011523205,1.004533317,1.018561732,2,1,0
holdout2,syn-small-world-50000-k8-r10-v1,rotating-hot,80,100,balanced-random,small,50331648,ADES-V2,3,3,1.001431819,0.990239640,1.012750498,0,3,0
holdout2,syn-small-world-50000-k8-r10-v1,rotating-hot,80,100,balanced-random,small,50331648,B3L,3,3,19.581004765,12.898353784,29.725944415,3,0,0
holdout2,syn-small-world-50000-k8-r10-v1,rotating-hot,80,100,balanced-random,small,50331648,COLD,3,3,1.007618319,0.974651039,1.041700709,1,2,0
holdout2,syn-small-world-50000-k8-r10-v1,rotating-hot,80,100,balanced-random,small,50331648,FREQ-LRU-REPAIR,3,3,3.852129241,3.453133724,4.297227062,3,0,0
holdout2,syn-small-world-50000-k8-r10-v1,rotating-hot,80,100,increase-only,large,25165824,ADES,3,3,1.011122510,0.987594400,1.035211146,1,2,0
holdout2,syn-small-world-50000-k8-r10-v1,rotating-hot,80,100,increase-only,large,25165824,ADES-V2,3,3,1.002334775,0.995308891,1.009410254,0,3,0
holdout2,syn-small-world-50000-k8-r10-v1,rotating-hot,80,100,increase-only,large,25165824,B3L,3,3,21.657116744,14.042767725,33.400161199,3,0,0
holdout2,syn-small-world-50000-k8-r10-v1,rotating-hot,80,100,increase-only,large,25165824,COLD,3,3,0.997633205,0.990188964,1.005133412,0,3,0
holdout2,syn-small-world-50000-k8-r10-v1,rotating-hot,80,100,increase-only,large,25165824,FREQ-LRU-REPAIR,3,3,3.867092282,3.456507531,4.326448758,3,0,0
holdout2,syn-small-world-50000-k8-r10-v1,rotating-hot,80,100,increase-only,large,50331648,ADES,3,3,1.002573462,0.987267830,1.018116376,0,3,0
holdout2,syn-small-world-50000-k8-r10-v1,rotating-hot,80,100,increase-only,large,50331648,ADES-V2,3,3,1.010013701,0.967015349,1.054923976,1,2,0
holdout2,syn-small-world-50000-k8-r10-v1,rotating-hot,80,100,increase-only,large,50331648,B3L,3,3,19.870853371,14.542367347,27.151756263,3,0,0
holdout2,syn-small-world-50000-k8-r10-v1,rotating-hot,80,100,increase-only,large,50331648,COLD,3,3,0.991717886,0.974044134,1.009712324,0,2,1
holdout2,syn-small-world-50000-k8-r10-v1,rotating-hot,80,100,increase-only,large,50331648,FREQ-LRU-REPAIR,3,3,3.836260689,3.500918297,4.203724516,3,0,0
regression,ny-road-distance,churn,100,5,strict-alternating,medium,16777216,ADES,3,3,1.504265893,1.194541639,1.894296358,3,0,0
regression,ny-road-distance,churn,100,5,strict-alternating,medium,16777216,ADES-V2,3,3,0.975430311,0.911191029,1.044198485,0,1,2
regression,ny-road-distance,churn,100,5,strict-alternating,medium,16777216,B3L,3,3,4.961761488,3.963331563,6.211712716,3,0,0
regression,ny-road-distance,churn,100,5,strict-alternating,medium,16777216,COLD,3,3,1.257051450,1.016793469,1.554079954,3,0,0
regression,ny-road-distance,churn,100,5,strict-alternating,medium,16777216,FREQ-LRU-REPAIR,3,3,2.171509498,1.844346702,2.556706663,3,0,0
regression,ny-road-distance,churn,100,5,strict-alternating,medium,67108864,ADES,3,3,1.459476751,1.327991007,1.603981033,3,0,0
regression,ny-road-distance,churn,100,5,strict-alternating,medium,67108864,ADES-V2,3,3,1.115734901,0.875942039,1.421172080,2,1,0
regression,ny-road-distance,churn,100,5,strict-alternating,medium,67108864,B3L,3,3,0.655099709,0.597708990,0.718000961,0,0,3
regression,ny-road-distance,churn,100,5,strict-alternating,medium,67108864,COLD,3,3,4.167508413,3.149381097,5.514774440,3,0,0
regression,ny-road-distance,churn,100,5,strict-alternating,medium,67108864,FREQ-LRU-REPAIR,3,3,1.446555537,1.250115904,1.673863132,3,0,0
regression,ny-road-distance,churn,100,50,strict-alternating,medium,16777216,ADES,3,3,1.555100491,1.115975258,2.167017164,3,0,0
regression,ny-road-distance,churn,100,50,strict-alternating,medium,16777216,ADES-V2,3,3,0.968998444,0.891209411,1.053577277,0,1,2
regression,ny-road-distance,churn,100,50,strict-alternating,medium,16777216,B3L,3,3,5.170944641,3.460930309,7.725861573,3,0,0
regression,ny-road-distance,churn,100,50,strict-alternating,medium,16777216,COLD,3,3,1.309207275,0.995407223,1.721932140,3,0,0
regression,ny-road-distance,churn,100,50,strict-alternating,medium,16777216,FREQ-LRU-REPAIR,3,3,2.249649013,1.709208867,2.960972634,3,0,0
regression,ny-road-distance,churn,100,50,strict-alternating,medium,67108864,ADES,3,3,1.453188150,1.356945864,1.556256485,3,0,0
regression,ny-road-distance,churn,100,50,strict-alternating,medium,67108864,ADES-V2,3,3,1.276561480,0.741872223,2.196617100,3,0,0
regression,ny-road-distance,churn,100,50,strict-alternating,medium,67108864,B3L,3,3,0.699983854,0.571991979,0.856615852,0,0,3
regression,ny-road-distance,churn,100,50,strict-alternating,medium,67108864,COLD,3,3,4.546947224,3.597655690,5.746722543,3,0,0
regression,ny-road-distance,churn,100,50,strict-alternating,medium,67108864,FREQ-LRU-REPAIR,3,3,1.390760772,1.243488009,1.555475814,3,0,0
regression,syn-clustered-50000-c100-d6-v1,hot-pool,85,2,repeated-edge,medium,16777216,ADES,3,3,0.832150149,0.373077427,1.856113024,0,2,1
regression,syn-clustered-50000-c100-d6-v1,hot-pool,85,2,repeated-edge,medium,16777216,ADES-V2,3,3,0.827360616,0.359420709,1.904524620,0,2,1
regression,syn-clustered-50000-c100-d6-v1,hot-pool,85,2,repeated-edge,medium,16777216,B3L,3,3,14.834048246,7.278222486,30.233891281,3,0,0
regression,syn-clustered-50000-c100-d6-v1,hot-pool,85,2,repeated-edge,medium,16777216,COLD,3,3,0.823305261,0.363852416,1.862929926,0,1,2
regression,syn-clustered-50000-c100-d6-v1,hot-pool,85,2,repeated-edge,medium,16777216,FREQ-LRU-REPAIR,3,3,2.917574071,1.190448719,7.150445314,3,0,0
regression,syn-grid-224x224-v1,churn,100,5,strict-alternating,medium,16777216,ADES,3,3,1.533844785,1.264410331,1.860693295,3,0,0
regression,syn-grid-224x224-v1,churn,100,5,strict-alternating,medium,16777216,ADES-V2,3,3,1.383741809,0.901817108,2.123203670,3,0,0
regression,syn-grid-224x224-v1,churn,100,5,strict-alternating,medium,16777216,B3L,3,3,0.641430518,0.494923871,0.831305851,0,0,3
regression,syn-grid-224x224-v1,churn,100,5,strict-alternating,medium,16777216,COLD,3,3,5.329731803,3.281568972,8.656237715,3,0,0
regression,syn-grid-224x224-v1,churn,100,5,strict-alternating,medium,16777216,FREQ-LRU-REPAIR,3,3,1.394438166,1.025099589,1.896847702,3,0,0
regression,syn-grid-224x224-v1,churn,100,5,strict-alternating,medium,67108864,ADES,3,3,1.538983509,1.272496902,1.861277806,3,0,0
regression,syn-grid-224x224-v1,churn,100,5,strict-alternating,medium,67108864,ADES-V2,3,3,1.389778037,0.915585503,2.109560479,3,0,0
regression,syn-grid-224x224-v1,churn,100,5,strict-alternating,medium,67108864,B3L,3,3,0.642481525,0.505124461,0.817189708,0,0,3
regression,syn-grid-224x224-v1,churn,100,5,strict-alternating,medium,67108864,COLD,3,3,5.354644617,3.347890358,8.564264627,3,0,0
regression,syn-grid-224x224-v1,churn,100,5,strict-alternating,medium,67108864,FREQ-LRU-REPAIR,3,3,1.402164881,1.031030003,1.906895384,3,0,0
regression,syn-grid-224x224-v1,churn,100,50,strict-alternating,medium,16777216,ADES,3,3,1.464756611,1.194611718,1.795991029,3,0,0
regression,syn-grid-224x224-v1,churn,100,50,strict-alternating,medium,16777216,ADES-V2,3,3,1.423025870,0.965215084,2.097980711,3,0,0
regression,syn-grid-224x224-v1,churn,100,50,strict-alternating,medium,16777216,B3L,3,3,0.671369126,0.593033932,0.760051792,0,0,3
regression,syn-grid-224x224-v1,churn,100,50,strict-alternating,medium,16777216,COLD,3,3,5.486746626,3.744753523,8.039084107,3,0,0
regression,syn-grid-224x224-v1,churn,100,50,strict-alternating,medium,16777216,FREQ-LRU-REPAIR,3,3,1.371265716,0.915758195,2.053347351,3,0,0
regression,syn-grid-224x224-v1,churn,100,50,strict-alternating,medium,67108864,ADES,3,3,1.468725554,1.207370678,1.786654914,3,0,0
regression,syn-grid-224x224-v1,churn,100,50,strict-alternating,medium,67108864,ADES-V2,3,3,1.426249536,0.955370500,2.129213470,3,0,0
regression,syn-grid-224x224-v1,churn,100,50,strict-alternating,medium,67108864,B3L,3,3,0.655848440,0.590812327,0.728043674,0,0,3
regression,syn-grid-224x224-v1,churn,100,50,strict-alternating,medium,67108864,COLD,3,3,5.519273202,3.757427414,8.107242886,3,0,0
regression,syn-grid-224x224-v1,churn,100,50,strict-alternating,medium,67108864,FREQ-LRU-REPAIR,3,3,1.369893397,0.922840685,2.033512338,3,0,0
