phase,graph_id,family,locality_percent,update_interval,update_mode,magnitude,budget_bytes,profile,samples,median_algorithm_ns,median_query_ns,median_update_ns,median_peak_rss_kb,median_peak_accounted_bytes,median_cold_queries,median_promotions
holdout2,ny-road-distance,hot-pool,70,10,balanced-random,small,25165824,ADES,3,1615784270,1615763361,58839,120692,23263252,86,7
holdout2,ny-road-distance,hot-pool,70,10,balanced-random,small,25165824,ADES-V2,3,1154870360,1154617938,50604,128460,23264680,79,3
holdout2,ny-road-distance,hot-pool,70,10,balanced-random,small,25165824,ADES-V3,3,1536543847,1536483213,60634,129036,23264592,77,14
holdout2,ny-road-distance,hot-pool,70,10,balanced-random,small,25165824,B3L,3,4033404211,4033383553,29786,129480,23262480,87,0
holdout2,ny-road-distance,hot-pool,70,10,balanced-random,small,25165824,COLD,3,1758227377,1758219641,7736,97460,0,120,0
holdout2,ny-road-distance,hot-pool,70,10,balanced-random,small,25165824,FREQ-LRU-REPAIR,3,1915887854,1915862576,53248,122184,23263224,84,13
holdout2,ny-road-distance,hot-pool,70,10,balanced-random,small,50331648,ADES,3,996490295,996456172,357247,144900,46525872,50,4
holdout2,ny-road-distance,hot-pool,70,10,balanced-random,small,50331648,ADES-V2,3,870599893,870256994,342899,144016,46527328,58,4
holdout2,ny-road-distance,hot-pool,70,10,balanced-random,small,50331648,ADES-V3,3,776336714,775996718,339996,144004,46527328,43,4
holdout2,ny-road-distance,hot-pool,70,10,balanced-random,small,50331648,B3L,3,3033564698,3033365287,223027,152152,46524960,66,0
holdout2,ny-road-distance,hot-pool,70,10,balanced-random,small,50331648,COLD,3,1740880215,1740872242,8507,98568,0,120,0
holdout2,ny-road-distance,hot-pool,70,10,balanced-random,small,50331648,FREQ-LRU-REPAIR,3,989589278,989251808,337470,144952,46525872,50,4
holdout2,ny-road-distance,hot-pool,70,10,increase-only,large,25165824,ADES,3,1626120448,1575671592,136373,122104,23263280,83,7
holdout2,ny-road-distance,hot-pool,70,10,increase-only,large,25165824,ADES-V2,3,1253555714,1253463862,663556,129444,23264680,78,3
holdout2,ny-road-distance,hot-pool,70,10,increase-only,large,25165824,ADES-V3,3,1704139296,1652654127,601390,129548,23264592,82,15
holdout2,ny-road-distance,hot-pool,70,10,increase-only,large,25165824,B3L,3,4173881199,4173828830,127127,128400,23262480,92,0
holdout2,ny-road-distance,hot-pool,70,10,increase-only,large,25165824,COLD,3,1692851600,1692843385,7716,97492,0,120,0
holdout2,ny-road-distance,hot-pool,70,10,increase-only,large,25165824,FREQ-LRU-REPAIR,3,1947875144,1893651926,627993,122272,23263272,87,12
holdout2,ny-road-distance,hot-pool,70,10,increase-only,large,50331648,ADES,3,961212145,961105026,697993,145016,46525904,52,4
holdout2,ny-road-distance,hot-pool,70,10,increase-only,large,50331648,ADES-V2,3,791101074,790993742,709064,143836,46527328,53,4
holdout2,ny-road-distance,hot-pool,70,10,increase-only,large,50331648,ADES-V3,3,745097111,744985492,693886,143004,46527328,45,4
holdout2,ny-road-distance,hot-pool,70,10,increase-only,large,50331648,B3L,3,3329791117,3329697867,569279,151144,46524960,72,0
holdout2,ny-road-distance,hot-pool,70,10,increase-only,large,50331648,COLD,3,1704319009,1704309702,7766,97560,0,120,0
holdout2,ny-road-distance,hot-pool,70,10,increase-only,large,50331648,FREQ-LRU-REPAIR,3,942580783,942471200,703909,143948,46525904,52,4
holdout2,ny-road-distance,hot-pool,70,100,balanced-random,small,25165824,ADES,3,1525799168,1525793949,1653,121200,23263268,84,7
holdout2,ny-road-distance,hot-pool,70,100,balanced-random,small,25165824,ADES-V2,3,1137246728,1137230447,1924,122316,23264680,78,2
holdout2,ny-road-distance,hot-pool,70,100,balanced-random,small,25165824,ADES-V3,3,1705630240,1705628577,1663,127452,23264592,75,17
holdout2,ny-road-distance,hot-pool,70,100,balanced-random,small,25165824,B3L,3,3925155429,3925150320,531,128336,23262480,87,0
holdout2,ny-road-distance,hot-pool,70,100,balanced-random,small,25165824,COLD,3,1733986949,1733986187,762,97456,0,120,0
holdout2,ny-road-distance,hot-pool,70,100,balanced-random,small,25165824,FREQ-LRU-REPAIR,3,1954509037,1954503517,1433,122264,23263256,86,13
holdout2,ny-road-distance,hot-pool,70,100,balanced-random,small,50331648,ADES,3,927833392,927824175,2254,144860,46525888,52,4
holdout2,ny-road-distance,hot-pool,70,100,balanced-random,small,50331648,ADES-V2,3,931422739,931420826,2004,132620,34896004,56,3
holdout2,ny-road-distance,hot-pool,70,100,balanced-random,small,50331648,ADES-V3,3,747070389,747061443,3246,142904,46527328,45,4
holdout2,ny-road-distance,hot-pool,70,100,balanced-random,small,50331648,B3L,3,2972846790,2972839326,671,150176,46524960,66,0
holdout2,ny-road-distance,hot-pool,70,100,balanced-random,small,50331648,COLD,3,1745841927,1745841145,781,97620,0,120,0
holdout2,ny-road-distance,hot-pool,70,100,balanced-random,small,50331648,FREQ-LRU-REPAIR,3,939250685,939241498,2916,143980,46525888,51,4
holdout2,ny-road-distance,hot-pool,70,100,increase-only,large,25165824,ADES,3,1575182907,1575172237,12333,121284,23263304,88,7
holdout2,ny-road-distance,hot-pool,70,100,increase-only,large,25165824,ADES-V2,3,1165980950,1165977604,11401,122112,23264680,78,2
holdout2,ny-road-distance,hot-pool,70,100,increase-only,large,25165824,ADES-V3,3,1638040556,1638037420,42559,129556,23264592,79,15
holdout2,ny-road-distance,hot-pool,70,100,increase-only,large,25165824,B3L,3,4179550682,4179128816,3116,128488,23262480,87,0
holdout2,ny-road-distance,hot-pool,70,100,increase-only,large,25165824,COLD,3,1766685735,1766685053,722,98512,0,120,0
holdout2,ny-road-distance,hot-pool,70,100,increase-only,large,25165824,FREQ-LRU-REPAIR,3,1972741101,1972726474,39444,121160,23263288,85,13
holdout2,ny-road-distance,hot-pool,70,100,increase-only,large,50331648,ADES,3,944821097,944776243,44854,144868,46525936,55,4
holdout2,ny-road-distance,hot-pool,70,100,increase-only,large,50331648,ADES-V2,3,881012822,881001110,13926,133604,34896004,60,3
holdout2,ny-road-distance,hot-pool,70,100,increase-only,large,50331648,ADES-V3,3,772541188,772494962,46226,142892,46527328,47,4
holdout2,ny-road-distance,hot-pool,70,100,increase-only,large,50331648,B3L,3,3213367614,3213357264,11372,151108,46524960,70,0
holdout2,ny-road-distance,hot-pool,70,100,increase-only,large,50331648,COLD,3,1784323492,1784322560,712,98572,0,120,0
holdout2,ny-road-distance,hot-pool,70,100,increase-only,large,50331648,FREQ-LRU-REPAIR,3,936201266,936157875,43391,143988,46525936,54,4
holdout2,ny-road-distance,rotating-hot,80,10,balanced-random,small,25165824,ADES,3,1502527941,1502469255,68327,121160,23263064,77,7
holdout2,ny-road-distance,rotating-hot,80,10,balanced-random,small,25165824,ADES-V2,3,1373874344,1373811527,106521,128396,23264680,75,7
holdout2,ny-road-distance,rotating-hot,80,10,balanced-random,small,25165824,ADES-V3,3,932542451,932488500,53951,129280,23264592,39,8
holdout2,ny-road-distance,rotating-hot,80,10,balanced-random,small,25165824,B3L,3,1808290307,1808250664,39643,128424,23262480,39,0
holdout2,ny-road-distance,rotating-hot,80,10,balanced-random,small,25165824,COLD,3,1798899118,1798889569,7381,98500,0,120,0
holdout2,ny-road-distance,rotating-hot,80,10,balanced-random,small,25165824,FREQ-LRU-REPAIR,3,1332562470,1332537624,62238,122192,23263032,55,8
holdout2,ny-road-distance,rotating-hot,80,10,balanced-random,small,50331648,ADES,3,892913024,892782199,327442,143916,46525696,39,4
holdout2,ny-road-distance,rotating-hot,80,10,balanced-random,small,50331648,ADES-V2,3,670744924,670406723,338201,144936,46527328,31,4
holdout2,ny-road-distance,rotating-hot,80,10,balanced-random,small,50331648,ADES-V3,3,667271076,666901286,369790,143484,46527328,31,4
holdout2,ny-road-distance,rotating-hot,80,10,balanced-random,small,50331648,B3L,3,1539750701,1539652750,97951,152168,46524960,31,0
holdout2,ny-road-distance,rotating-hot,80,10,balanced-random,small,50331648,COLD,3,1817944745,1817935327,9418,98544,0,120,0
holdout2,ny-road-distance,rotating-hot,80,10,balanced-random,small,50331648,FREQ-LRU-REPAIR,3,886550828,886417668,359909,144920,46525696,39,4
holdout2,ny-road-distance,rotating-hot,80,10,increase-only,large,25165824,ADES,3,1370929415,1370747084,417257,122096,23263024,76,8
holdout2,ny-road-distance,rotating-hot,80,10,increase-only,large,25165824,ADES-V2,3,1157053394,1156871597,432339,128412,23264680,73,6
holdout2,ny-road-distance,rotating-hot,80,10,increase-only,large,25165824,ADES-V3,3,854835808,854628691,207117,128448,23264592,36,8
holdout2,ny-road-distance,rotating-hot,80,10,increase-only,large,25165824,B3L,3,1465022659,1464520301,96810,129428,23262480,32,0
holdout2,ny-road-distance,rotating-hot,80,10,increase-only,large,25165824,COLD,3,1646946653,1646938987,7666,98564,0,120,0
holdout2,ny-road-distance,rotating-hot,80,10,increase-only,large,25165824,FREQ-LRU-REPAIR,3,1279262471,1278782876,188713,121164,23262984,52,8
holdout2,ny-road-distance,rotating-hot,80,10,increase-only,large,50331648,ADES,3,777434495,776493159,410395,144960,46525648,36,4
holdout2,ny-road-distance,rotating-hot,80,10,increase-only,large,50331648,ADES-V2,3,592429429,592168303,411978,143920,46527328,28,4
holdout2,ny-road-distance,rotating-hot,80,10,increase-only,large,50331648,ADES-V3,3,576194171,575939733,401288,142940,46527328,28,4
holdout2,ny-road-distance,rotating-hot,80,10,increase-only,large,50331648,B3L,3,1343583468,1342364135,206156,151196,46524960,28,0
holdout2,ny-road-distance,rotating-hot,80,10,increase-only,large,50331648,COLD,3,1633855350,1633847165,8185,97504,0,120,0
holdout2,ny-road-distance,rotating-hot,80,10,increase-only,large,50331648,FREQ-LRU-REPAIR,3,783376723,782429925,399276,145008,46525648,36,4
holdout2,ny-road-distance,rotating-hot,80,100,balanced-random,small,25165824,ADES,3,1412658635,1412656951,1313,121124,23263032,76,7
holdout2,ny-road-distance,rotating-hot,80,100,balanced-random,small,25165824,ADES-V2,3,1164006709,1164005026,1683,129456,23264680,63,6
holdout2,ny-road-distance,rotating-hot,80,100,balanced-random,small,25165824,ADES-V3,3,821837023,821835700,1623,129412,23264592,37,8
holdout2,ny-road-distance,rotating-hot,80,100,balanced-random,small,25165824,B3L,3,1656986720,1656986429,291,128512,23262480,34,0
holdout2,ny-road-distance,rotating-hot,80,100,balanced-random,small,25165824,COLD,3,1756731673,1756730581,752,97544,0,120,0
holdout2,ny-road-distance,rotating-hot,80,100,balanced-random,small,25165824,FREQ-LRU-REPAIR,3,1227874117,1227858468,1703,122096,23263016,53,8
holdout2,ny-road-distance,rotating-hot,80,100,balanced-random,small,50331648,ADES,3,777424602,777422899,2685,143916,46525664,37,4
holdout2,ny-road-distance,rotating-hot,80,100,balanced-random,small,50331648,ADES-V2,3,566144353,566141868,2485,144076,46527328,29,4
holdout2,ny-road-distance,rotating-hot,80,100,balanced-random,small,50331648,ADES-V3,3,558689723,558687358,2615,143956,46527328,29,4
holdout2,ny-road-distance,rotating-hot,80,100,balanced-random,small,50331648,B3L,3,1367502052,1367471394,1112,150156,46524960,29,0
holdout2,ny-road-distance,rotating-hot,80,100,balanced-random,small,50331648,COLD,3,1706889523,1706888631,862,98500,0,120,0
holdout2,ny-road-distance,rotating-hot,80,100,balanced-random,small,50331648,FREQ-LRU-REPAIR,3,773571222,773553379,2334,143780,46525664,37,4
holdout2,ny-road-distance,rotating-hot,80,100,increase-only,large,25165824,ADES,3,1552308775,1552306922,1793,122176,23263028,80,7
holdout2,ny-road-distance,rotating-hot,80,100,increase-only,large,25165824,ADES-V2,3,1180015297,1180013874,1713,128396,23264680,64,6
holdout2,ny-road-distance,rotating-hot,80,100,increase-only,large,25165824,ADES-V3,3,823123639,823121966,1773,128464,23264592,36,8
holdout2,ny-road-distance,rotating-hot,80,100,increase-only,large,25165824,B3L,3,1655013279,1655012858,591,128484,23262480,33,0
holdout2,ny-road-distance,rotating-hot,80,100,increase-only,large,25165824,COLD,3,1727414601,1727413889,712,97556,0,120,0
holdout2,ny-road-distance,rotating-hot,80,100,increase-only,large,25165824,FREQ-LRU-REPAIR,3,1222016870,1222015287,1493,122256,23263000,52,8
holdout2,ny-road-distance,rotating-hot,80,100,increase-only,large,50331648,ADES,3,760657623,760655068,2555,144904,46525648,36,4
holdout2,ny-road-distance,rotating-hot,80,100,increase-only,large,50331648,ADES-V2,3,560791914,560786624,2965,143944,46527328,28,4
holdout2,ny-road-distance,rotating-hot,80,100,increase-only,large,50331648,ADES-V3,3,556122155,556116375,2886,142936,46527328,28,4
holdout2,ny-road-distance,rotating-hot,80,100,increase-only,large,50331648,B3L,3,1354283613,1354283012,601,151244,46524960,28,0
holdout2,ny-road-distance,rotating-hot,80,100,increase-only,large,50331648,COLD,3,1701987025,1701986354,852,97572,0,120,0
holdout2,ny-road-distance,rotating-hot,80,100,increase-only,large,50331648,FREQ-LRU-REPAIR,3,762093290,762090716,2574,143944,46525648,36,4
holdout2,syn-scale-free-50000-m4-v1,hot-pool,70,10,balanced-random,small,25165824,ADES,3,116521875,116512158,7241,47768,6600708,91,3
holdout2,syn-scale-free-50000-m4-v1,hot-pool,70,10,balanced-random,small,25165824,ADES-V2,3,96158596,96155989,2646,41636,2032,120,0
holdout2,syn-scale-free-50000-m4-v1,hot-pool,70,10,balanced-random,small,25165824,ADES-V3,3,127927846,127918627,9559,50424,8802432,66,4
holdout2,syn-scale-free-50000-m4-v1,hot-pool,70,10,balanced-random,small,25165824,B3L,3,704445666,704436258,9747,67048,24200176,40,0
holdout2,syn-scale-free-50000-m4-v1,hot-pool,70,10,balanced-random,small,25165824,COLD,3,99107188,99104503,2685,41508,0,120,0
holdout2,syn-scale-free-50000-m4-v1,hot-pool,70,10,balanced-random,small,25165824,FREQ-LRU-REPAIR,3,113724573,113714122,10451,51096,8800976,50,4
holdout2,syn-scale-free-50000-m4-v1,hot-pool,70,10,balanced-random,small,50331648,ADES,3,116932658,116922711,6916,48472,6600708,91,3
holdout2,syn-scale-free-50000-m4-v1,hot-pool,70,10,balanced-random,small,50331648,ADES-V2,3,96960351,96957927,2525,43352,2032,120,0
holdout2,syn-scale-free-50000-m4-v1,hot-pool,70,10,balanced-random,small,50331648,ADES-V3,3,131536347,131525206,11141,50548,8802432,66,4
holdout2,syn-scale-free-50000-m4-v1,hot-pool,70,10,balanced-random,small,50331648,B3L,3,685756722,685744229,18898,91352,48400352,38,0
holdout2,syn-scale-free-50000-m4-v1,hot-pool,70,10,balanced-random,small,50331648,COLD,3,99459346,99456521,2677,41852,0,120,0
holdout2,syn-scale-free-50000-m4-v1,hot-pool,70,10,balanced-random,small,50331648,FREQ-LRU-REPAIR,3,110876790,110865470,11320,51256,8800976,50,4
holdout2,syn-scale-free-50000-m4-v1,hot-pool,70,10,increase-only,large,25165824,ADES,3,145135199,145130541,11031,48412,6601028,93,3
holdout2,syn-scale-free-50000-m4-v1,hot-pool,70,10,increase-only,large,25165824,ADES-V2,3,102515075,102512491,2584,41620,2032,120,0
holdout2,syn-scale-free-50000-m4-v1,hot-pool,70,10,increase-only,large,25165824,ADES-V3,3,133933693,133912425,21268,50904,8802432,60,4
holdout2,syn-scale-free-50000-m4-v1,hot-pool,70,10,increase-only,large,25165824,B3L,3,721176019,721131626,44393,67716,24200176,41,0
holdout2,syn-scale-free-50000-m4-v1,hot-pool,70,10,increase-only,large,25165824,COLD,3,105068751,105065803,2948,41484,0,120,0
holdout2,syn-scale-free-50000-m4-v1,hot-pool,70,10,increase-only,large,25165824,FREQ-LRU-REPAIR,3,128806925,128794580,23824,50112,8801008,52,4
holdout2,syn-scale-free-50000-m4-v1,hot-pool,70,10,increase-only,large,50331648,ADES,3,144613382,144581091,11031,47308,6601028,93,3
holdout2,syn-scale-free-50000-m4-v1,hot-pool,70,10,increase-only,large,50331648,ADES-V2,3,103865693,103862877,2816,41660,2032,120,0
holdout2,syn-scale-free-50000-m4-v1,hot-pool,70,10,increase-only,large,50331648,ADES-V3,3,129371699,129350720,20979,51160,8802432,60,4
holdout2,syn-scale-free-50000-m4-v1,hot-pool,70,10,increase-only,large,50331648,B3L,3,729109233,729041314,67919,91244,48400352,40,0
holdout2,syn-scale-free-50000-m4-v1,hot-pool,70,10,increase-only,large,50331648,COLD,3,105486317,105483683,2785,42704,0,120,0
holdout2,syn-scale-free-50000-m4-v1,hot-pool,70,10,increase-only,large,50331648,FREQ-LRU-REPAIR,3,124657765,124646296,22831,50080,8801008,52,4
holdout2,syn-scale-free-50000-m4-v1,hot-pool,70,100,balanced-random,small,25165824,ADES,3,129678760,129677858,1062,48404,6600916,95,3
holdout2,syn-scale-free-50000-m4-v1,hot-pool,70,100,balanced-random,small,25165824,ADES-V2,3,95399810,95399459,351,41612,2032,120,0
holdout2,syn-scale-free-50000-m4-v1,hot-pool,70,100,balanced-random,small,25165824,ADES-V3,3,120556041,120554498,1543,49268,8802432,70,4
holdout2,syn-scale-free-50000-m4-v1,hot-pool,70,100,balanced-random,small,25165824,B3L,3,698507233,698506351,882,67636,24200176,40,0
holdout2,syn-scale-free-50000-m4-v1,hot-pool,70,100,balanced-random,small,25165824,COLD,3,94599620,94599229,491,42708,0,120,0
holdout2,syn-scale-free-50000-m4-v1,hot-pool,70,100,balanced-random,small,25165824,FREQ-LRU-REPAIR,3,113380533,113378850,1683,51284,8800992,51,4
holdout2,syn-scale-free-50000-m4-v1,hot-pool,70,100,balanced-random,small,50331648,ADES,3,133873681,133872729,952,48532,6600916,95,3
holdout2,syn-scale-free-50000-m4-v1,hot-pool,70,100,balanced-random,small,50331648,ADES-V2,3,94145098,94144657,441,41724,2032,120,0
holdout2,syn-scale-free-50000-m4-v1,hot-pool,70,100,balanced-random,small,50331648,ADES-V3,3,122894363,122893212,1192,50516,8802432,70,4
holdout2,syn-scale-free-50000-m4-v1,hot-pool,70,100,balanced-random,small,50331648,B3L,3,706370396,706368864,1492,91340,48400352,39,0
holdout2,syn-scale-free-50000-m4-v1,hot-pool,70,100,balanced-random,small,50331648,COLD,3,95269880,95269349,421,42696,0,120,0
holdout2,syn-scale-free-50000-m4-v1,hot-pool,70,100,balanced-random,small,50331648,FREQ-LRU-REPAIR,3,115263442,115261839,1603,50060,8800992,51,4
holdout2,syn-scale-free-50000-m4-v1,hot-pool,70,100,increase-only,large,25165824,ADES,3,145366708,145364975,1733,49292,8800816,94,4
holdout2,syn-scale-free-50000-m4-v1,hot-pool,70,100,increase-only,large,25165824,ADES-V2,3,109815483,109815132,361,43336,2032,120,0
holdout2,syn-scale-free-50000-m4-v1,hot-pool,70,100,increase-only,large,25165824,ADES-V3,3,123807536,123794061,1723,49372,8802432,70,4
holdout2,syn-scale-free-50000-m4-v1,hot-pool,70,100,increase-only,large,25165824,B3L,3,769934670,769933838,832,67660,24200176,43,0
holdout2,syn-scale-free-50000-m4-v1,hot-pool,70,100,increase-only,large,25165824,COLD,3,107118997,107118556,420,42648,0,120,0
holdout2,syn-scale-free-50000-m4-v1,hot-pool,70,100,increase-only,large,25165824,FREQ-LRU-REPAIR,3,115038755,115037202,1583,50112,8801040,54,4
holdout2,syn-scale-free-50000-m4-v1,hot-pool,70,100,increase-only,large,50331648,ADES,3,144846579,144845256,1323,50504,8800816,94,4
holdout2,syn-scale-free-50000-m4-v1,hot-pool,70,100,increase-only,large,50331648,ADES-V2,3,108314765,108313893,431,42900,2032,120,0
holdout2,syn-scale-free-50000-m4-v1,hot-pool,70,100,increase-only,large,50331648,ADES-V3,3,122744147,122742284,1863,50520,8802432,70,4
holdout2,syn-scale-free-50000-m4-v1,hot-pool,70,100,increase-only,large,50331648,B3L,3,750525799,750524406,1393,91312,48400352,42,0
holdout2,syn-scale-free-50000-m4-v1,hot-pool,70,100,increase-only,large,50331648,COLD,3,107430952,107430521,431,41500,0,120,0
holdout2,syn-scale-free-50000-m4-v1,hot-pool,70,100,increase-only,large,50331648,FREQ-LRU-REPAIR,3,115329735,115328132,1783,51236,8801040,54,4
holdout2,syn-scale-free-50000-m4-v1,rotating-hot,80,10,balanced-random,small,25165824,ADES,3,150723258,150474223,6270,50320,8800800,81,4
holdout2,syn-scale-free-50000-m4-v1,rotating-hot,80,10,balanced-random,small,25165824,ADES-V2,3,112580186,112379159,8808,46240,4402232,89,2
holdout2,syn-scale-free-50000-m4-v1,rotating-hot,80,10,balanced-random,small,25165824,ADES-V3,3,111506688,111495710,17089,50384,8802432,49,4
holdout2,syn-scale-free-50000-m4-v1,rotating-hot,80,10,balanced-random,small,25165824,B3L,3,508178363,507627182,8146,67672,24200176,28,0
holdout2,syn-scale-free-50000-m4-v1,rotating-hot,80,10,balanced-random,small,25165824,COLD,3,137201194,137198460,2918,42712,0,120,0
holdout2,syn-scale-free-50000-m4-v1,rotating-hot,80,10,balanced-random,small,25165824,FREQ-LRU-REPAIR,3,109136491,108930585,12863,50056,8800800,39,4
holdout2,syn-scale-free-50000-m4-v1,rotating-hot,80,10,balanced-random,small,50331648,ADES,3,154880477,154655447,15487,50084,8800800,81,4
holdout2,syn-scale-free-50000-m4-v1,rotating-hot,80,10,balanced-random,small,50331648,ADES-V2,3,112275652,112076171,9248,46856,4402232,89,2
holdout2,syn-scale-free-50000-m4-v1,rotating-hot,80,10,balanced-random,small,50331648,ADES-V3,3,114010748,113999086,11674,50876,8802432,49,4
holdout2,syn-scale-free-50000-m4-v1,rotating-hot,80,10,balanced-random,small,50331648,B3L,3,491479449,490873156,16252,90112,48400352,27,0
holdout2,syn-scale-free-50000-m4-v1,rotating-hot,80,10,balanced-random,small,50331648,COLD,3,133653047,133650072,2898,41452,0,120,0
holdout2,syn-scale-free-50000-m4-v1,rotating-hot,80,10,balanced-random,small,50331648,FREQ-LRU-REPAIR,3,111634175,111425573,11753,50048,8800800,39,4
holdout2,syn-scale-free-50000-m4-v1,rotating-hot,80,10,increase-only,large,25165824,ADES,3,131616723,131607806,8917,47624,6600788,94,3
holdout2,syn-scale-free-50000-m4-v1,rotating-hot,80,10,increase-only,large,25165824,ADES-V2,3,99748582,99738833,9749,46716,4402232,81,2
holdout2,syn-scale-free-50000-m4-v1,rotating-hot,80,10,increase-only,large,25165824,ADES-V3,3,96570518,96554748,12233,49880,8802432,51,4
holdout2,syn-scale-free-50000-m4-v1,rotating-hot,80,10,increase-only,large,25165824,B3L,3,505198753,505164907,27344,67788,24200176,28,0
holdout2,syn-scale-free-50000-m4-v1,rotating-hot,80,10,increase-only,large,25165824,COLD,3,107523632,107520736,2896,41536,0,120,0
holdout2,syn-scale-free-50000-m4-v1,rotating-hot,80,10,increase-only,large,25165824,FREQ-LRU-REPAIR,3,108177039,108163242,13797,51152,8800752,36,4
holdout2,syn-scale-free-50000-m4-v1,rotating-hot,80,10,increase-only,large,50331648,ADES,3,135755185,135744355,10830,48860,6600788,94,3
holdout2,syn-scale-free-50000-m4-v1,rotating-hot,80,10,increase-only,large,50331648,ADES-V2,3,102609765,102599215,10550,45608,4402232,81,2
holdout2,syn-scale-free-50000-m4-v1,rotating-hot,80,10,increase-only,large,50331648,ADES-V3,3,95853732,95838273,13786,49824,8802432,51,4
holdout2,syn-scale-free-50000-m4-v1,rotating-hot,80,10,increase-only,large,50331648,B3L,3,444771106,444716595,31246,89968,48400352,24,0
holdout2,syn-scale-free-50000-m4-v1,rotating-hot,80,10,increase-only,large,50331648,COLD,3,111051291,111048476,2744,42676,0,120,0
holdout2,syn-scale-free-50000-m4-v1,rotating-hot,80,10,increase-only,large,50331648,FREQ-LRU-REPAIR,3,107143242,107130570,12672,50468,8800752,36,4
holdout2,syn-scale-free-50000-m4-v1,rotating-hot,80,100,balanced-random,small,25165824,ADES,3,119949646,119948564,1162,48980,6600676,83,3
holdout2,syn-scale-free-50000-m4-v1,rotating-hot,80,100,balanced-random,small,25165824,ADES-V2,3,102127742,102126640,821,47228,6602332,79,3
holdout2,syn-scale-free-50000-m4-v1,rotating-hot,80,100,balanced-random,small,25165824,ADES-V3,3,105584318,105582674,1173,49692,8802432,45,4
holdout2,syn-scale-free-50000-m4-v1,rotating-hot,80,100,balanced-random,small,25165824,B3L,3,507479623,507478811,812,66452,24200176,28,0
holdout2,syn-scale-free-50000-m4-v1,rotating-hot,80,100,balanced-random,small,25165824,COLD,3,116945019,116944508,451,42696,0,120,0
holdout2,syn-scale-free-50000-m4-v1,rotating-hot,80,100,balanced-random,small,25165824,FREQ-LRU-REPAIR,3,106027058,106025986,1363,49928,8800768,37,4
holdout2,syn-scale-free-50000-m4-v1,rotating-hot,80,100,balanced-random,small,50331648,ADES,3,118865952,118864940,1091,47848,6600676,83,3
holdout2,syn-scale-free-50000-m4-v1,rotating-hot,80,100,balanced-random,small,50331648,ADES-V2,3,102389562,102388390,812,48384,6602332,79,3
holdout2,syn-scale-free-50000-m4-v1,rotating-hot,80,100,balanced-random,small,50331648,ADES-V3,3,103774746,103773033,1353,51024,8802432,45,4
holdout2,syn-scale-free-50000-m4-v1,rotating-hot,80,100,balanced-random,small,50331648,B3L,3,453035467,453033814,1633,91352,48400352,25,0
holdout2,syn-scale-free-50000-m4-v1,rotating-hot,80,100,balanced-random,small,50331648,COLD,3,113397652,113397221,431,41500,0,120,0
holdout2,syn-scale-free-50000-m4-v1,rotating-hot,80,100,balanced-random,small,50331648,FREQ-LRU-REPAIR,3,105863646,105862524,1122,51044,8800768,37,4
holdout2,syn-scale-free-50000-m4-v1,rotating-hot,80,100,increase-only,large,25165824,ADES,3,121333692,121332269,1603,49324,6600660,84,3
holdout2,syn-scale-free-50000-m4-v1,rotating-hot,80,100,increase-only,large,25165824,ADES-V2,3,99081007,99079534,1182,47212,6602332,79,3
holdout2,syn-scale-free-50000-m4-v1,rotating-hot,80,100,increase-only,large,25165824,ADES-V3,3,107863504,107861480,2024,49296,8802432,46,4
holdout2,syn-scale-free-50000-m4-v1,rotating-hot,80,100,increase-only,large,25165824,B3L,3,499350917,499349555,1362,67628,24200176,28,0
holdout2,syn-scale-free-50000-m4-v1,rotating-hot,80,100,increase-only,large,25165824,COLD,3,116914916,116914174,592,41460,0,120,0
holdout2,syn-scale-free-50000-m4-v1,rotating-hot,80,100,increase-only,large,25165824,FREQ-LRU-REPAIR,3,106346433,106344509,1924,50516,8800752,36,4
holdout2,syn-scale-free-50000-m4-v1,rotating-hot,80,100,increase-only,large,50331648,ADES,3,116195294,116193881,1613,47860,6600660,84,3
holdout2,syn-scale-free-50000-m4-v1,rotating-hot,80,100,increase-only,large,50331648,ADES-V2,3,103583484,103581961,1333,47192,6602332,79,3
holdout2,syn-scale-free-50000-m4-v1,rotating-hot,80,100,increase-only,large,50331648,ADES-V3,3,104971281,104969147,2134,50460,8802432,46,4
holdout2,syn-scale-free-50000-m4-v1,rotating-hot,80,100,increase-only,large,50331648,B3L,3,435646902,435645449,1914,90532,48400352,24,0
holdout2,syn-scale-free-50000-m4-v1,rotating-hot,80,100,increase-only,large,50331648,COLD,3,115152832,115152291,390,41500,0,120,0
holdout2,syn-scale-free-50000-m4-v1,rotating-hot,80,100,increase-only,large,50331648,FREQ-LRU-REPAIR,3,106690922,106689299,2134,50452,8800752,36,4
holdout2,syn-small-world-50000-k8-r10-v1,hot-pool,70,10,balanced-random,small,25165824,ADES,3,20689954,20687511,2443,38808,608,120,0
holdout2,syn-small-world-50000-k8-r10-v1,hot-pool,70,10,balanced-random,small,25165824,ADES-V2,3,20316934,20314241,2414,40036,2032,120,0
holdout2,syn-small-world-50000-k8-r10-v1,hot-pool,70,10,balanced-random,small,25165824,ADES-V3,3,20624271,20621878,2393,39736,1856,120,0
holdout2,syn-small-world-50000-k8-r10-v1,hot-pool,70,10,balanced-random,small,25165824,B3L,3,657150080,657132348,17732,66232,24200176,40,0
holdout2,syn-small-world-50000-k8-r10-v1,hot-pool,70,10,balanced-random,small,25165824,COLD,3,20632832,20630215,2617,38632,0,120,0
holdout2,syn-small-world-50000-k8-r10-v1,hot-pool,70,10,balanced-random,small,25165824,FREQ-LRU-REPAIR,3,79235489,79212417,10551,48024,8800976,50,4
holdout2,syn-small-world-50000-k8-r10-v1,hot-pool,70,10,balanced-random,small,50331648,ADES,3,20576161,20573849,2312,38848,608,120,0
holdout2,syn-small-world-50000-k8-r10-v1,hot-pool,70,10,balanced-random,small,50331648,ADES-V2,3,20400052,20397614,2438,40040,2032,120,0
holdout2,syn-small-world-50000-k8-r10-v1,hot-pool,70,10,balanced-random,small,50331648,ADES-V3,3,20627233,20624828,2508,39812,1856,120,0
holdout2,syn-small-world-50000-k8-r10-v1,hot-pool,70,10,balanced-random,small,50331648,B3L,3,641436773,641377162,32491,88660,48400352,38,0
holdout2,syn-small-world-50000-k8-r10-v1,hot-pool,70,10,balanced-random,small,50331648,COLD,3,20328407,20326039,2424,39888,0,120,0
holdout2,syn-small-world-50000-k8-r10-v1,hot-pool,70,10,balanced-random,small,50331648,FREQ-LRU-REPAIR,3,79073937,79051366,10580,49200,8800976,50,4
holdout2,syn-small-world-50000-k8-r10-v1,hot-pool,70,10,increase-only,large,25165824,ADES,3,20484934,20482459,2415,40012,640,120,0
holdout2,syn-small-world-50000-k8-r10-v1,hot-pool,70,10,increase-only,large,25165824,ADES-V2,3,20696083,20693559,2524,40004,2032,120,0
holdout2,syn-small-world-50000-k8-r10-v1,hot-pool,70,10,increase-only,large,25165824,ADES-V3,3,20210692,20208216,2504,38720,1856,120,0
holdout2,syn-small-world-50000-k8-r10-v1,hot-pool,70,10,increase-only,large,25165824,B3L,3,676736868,676721147,23131,66184,24200176,41,0
holdout2,syn-small-world-50000-k8-r10-v1,hot-pool,70,10,increase-only,large,25165824,COLD,3,20333729,20331344,2385,39780,0,120,0
holdout2,syn-small-world-50000-k8-r10-v1,hot-pool,70,10,increase-only,large,25165824,FREQ-LRU-REPAIR,3,79881476,79864666,16810,47976,8801008,52,4
holdout2,syn-small-world-50000-k8-r10-v1,hot-pool,70,10,increase-only,large,50331648,ADES,3,20345030,20342085,2365,39028,640,120,0
holdout2,syn-small-world-50000-k8-r10-v1,hot-pool,70,10,increase-only,large,50331648,ADES-V2,3,20349021,20346716,2402,39368,2032,120,0
holdout2,syn-small-world-50000-k8-r10-v1,hot-pool,70,10,increase-only,large,50331648,ADES-V3,3,20238194,20235138,2606,39800,1856,120,0
holdout2,syn-small-world-50000-k8-r10-v1,hot-pool,70,10,increase-only,large,50331648,B3L,3,672608175,672582661,51498,88716,48400352,40,0
holdout2,syn-small-world-50000-k8-r10-v1,hot-pool,70,10,increase-only,large,50331648,COLD,3,20185498,20182641,2791,38872,0,120,0
holdout2,syn-small-world-50000-k8-r10-v1,hot-pool,70,10,increase-only,large,50331648,FREQ-LRU-REPAIR,3,80383336,80365674,17662,48436,8801008,52,4
holdout2,syn-small-world-50000-k8-r10-v1,hot-pool,70,100,balanced-random,small,25165824,ADES,3,21053992,21053612,380,40024,624,120,0
holdout2,syn-small-world-50000-k8-r10-v1,hot-pool,70,100,balanced-random,small,25165824,ADES-V2,3,21588996,21588665,331,38836,2032,120,0
holdout2,syn-small-world-50000-k8-r10-v1,hot-pool,70,100,balanced-random,small,25165824,ADES-V3,3,20914546,20914145,401,39872,1856,120,0
holdout2,syn-small-world-50000-k8-r10-v1,hot-pool,70,100,balanced-random,small,25165824,B3L,3,662936052,662935461,792,66156,24200176,40,0
holdout2,syn-small-world-50000-k8-r10-v1,hot-pool,70,100,balanced-random,small,25165824,COLD,3,21004647,21004166,481,39864,0,120,0
holdout2,syn-small-world-50000-k8-r10-v1,hot-pool,70,100,balanced-random,small,25165824,FREQ-LRU-REPAIR,3,79582534,79580991,1543,48400,8800992,51,4
holdout2,syn-small-world-50000-k8-r10-v1,hot-pool,70,100,balanced-random,small,50331648,ADES,3,20943476,20943136,370,38812,624,120,0
holdout2,syn-small-world-50000-k8-r10-v1,hot-pool,70,100,balanced-random,small,50331648,ADES-V2,3,20979963,20979633,350,40012,2032,120,0
holdout2,syn-small-world-50000-k8-r10-v1,hot-pool,70,100,balanced-random,small,50331648,ADES-V3,3,20897378,20897007,371,39796,1856,120,0
holdout2,syn-small-world-50000-k8-r10-v1,hot-pool,70,100,balanced-random,small,50331648,B3L,3,660520802,660519249,1553,88736,48400352,39,0
holdout2,syn-small-world-50000-k8-r10-v1,hot-pool,70,100,balanced-random,small,50331648,COLD,3,20746908,20746528,381,39796,0,120,0
holdout2,syn-small-world-50000-k8-r10-v1,hot-pool,70,100,balanced-random,small,50331648,FREQ-LRU-REPAIR,3,79756485,79755003,1482,48384,8800992,51,4
holdout2,syn-small-world-50000-k8-r10-v1,hot-pool,70,100,increase-only,large,25165824,ADES,3,21075542,21075192,350,38848,672,120,0
holdout2,syn-small-world-50000-k8-r10-v1,hot-pool,70,100,increase-only,large,25165824,ADES-V2,3,21126956,21126516,371,40040,2032,120,0
holdout2,syn-small-world-50000-k8-r10-v1,hot-pool,70,100,increase-only,large,25165824,ADES-V3,3,21234834,21234323,430,38644,1856,120,0
holdout2,syn-small-world-50000-k8-r10-v1,hot-pool,70,100,increase-only,large,25165824,B3L,3,706335772,706326605,711,66228,24200176,43,0
holdout2,syn-small-world-50000-k8-r10-v1,hot-pool,70,100,increase-only,large,25165824,COLD,3,21415434,21415043,391,39800,0,120,0
holdout2,syn-small-world-50000-k8-r10-v1,hot-pool,70,100,increase-only,large,25165824,FREQ-LRU-REPAIR,3,79882781,79879224,1483,49052,8801040,54,4
holdout2,syn-small-world-50000-k8-r10-v1,hot-pool,70,100,increase-only,large,50331648,ADES,3,21137492,21137121,370,38848,672,120,0
holdout2,syn-small-world-50000-k8-r10-v1,hot-pool,70,100,increase-only,large,50331648,ADES-V2,3,21319959,21319628,350,40016,2032,120,0
holdout2,syn-small-world-50000-k8-r10-v1,hot-pool,70,100,increase-only,large,50331648,ADES-V3,3,20949346,20948955,391,38588,1856,120,0
holdout2,syn-small-world-50000-k8-r10-v1,hot-pool,70,100,increase-only,large,50331648,B3L,3,699099581,699086898,1333,88756,48400352,42,0
holdout2,syn-small-world-50000-k8-r10-v1,hot-pool,70,100,increase-only,large,50331648,COLD,3,21117950,21117479,391,39880,0,120,0
holdout2,syn-small-world-50000-k8-r10-v1,hot-pool,70,100,increase-only,large,50331648,FREQ-LRU-REPAIR,3,81919676,81917653,2023,48452,8801040,54,4
holdout2,syn-small-world-50000-k8-r10-v1,rotating-hot,80,10,balanced-random,small,25165824,ADES,3,20240840,20238465,2375,39360,432,120,0
holdout2,syn-small-world-50000-k8-r10-v1,rotating-hot,80,10,balanced-random,small,25165824,ADES-V2,3,20377688,20375095,2488,39384,2032,120,0
holdout2,syn-small-world-50000-k8-r10-v1,rotating-hot,80,10,balanced-random,small,25165824,ADES-V3,3,20603381,20600956,2485,38780,1856,120,0
holdout2,syn-small-world-50000-k8-r10-v1,rotating-hot,80,10,balanced-random,small,25165824,B3L,3,468993454,468954571,31577,66304,24200176,28,0
holdout2,syn-small-world-50000-k8-r10-v1,rotating-hot,80,10,balanced-random,small,25165824,COLD,3,19972435,19970063,2372,39840,0,120,0
holdout2,syn-small-world-50000-k8-r10-v1,rotating-hot,80,10,balanced-random,small,25165824,FREQ-LRU-REPAIR,3,77887633,77872614,11212,49124,8800800,39,4
holdout2,syn-small-world-50000-k8-r10-v1,rotating-hot,80,10,balanced-random,small,50331648,ADES,3,20521215,20518671,2456,39984,432,120,0
holdout2,syn-small-world-50000-k8-r10-v1,rotating-hot,80,10,balanced-random,small,50331648,ADES-V2,3,20165623,20163331,2314,38876,2032,120,0
holdout2,syn-small-world-50000-k8-r10-v1,rotating-hot,80,10,balanced-random,small,50331648,ADES-V3,3,20514022,20511646,2855,39788,1856,120,0
holdout2,syn-small-world-50000-k8-r10-v1,rotating-hot,80,10,balanced-random,small,50331648,B3L,3,461910468,461858991,37140,89836,48400352,27,0
holdout2,syn-small-world-50000-k8-r10-v1,rotating-hot,80,10,balanced-random,small,50331648,COLD,3,20079229,20076854,2445,38616,0,120,0
holdout2,syn-small-world-50000-k8-r10-v1,rotating-hot,80,10,balanced-random,small,50331648,FREQ-LRU-REPAIR,3,77682038,77667019,11419,49104,8800800,39,4
holdout2,syn-small-world-50000-k8-r10-v1,rotating-hot,80,10,increase-only,large,25165824,ADES,3,19864341,19861863,2484,40016,384,120,0
holdout2,syn-small-world-50000-k8-r10-v1,rotating-hot,80,10,increase-only,large,25165824,ADES-V2,3,19791384,19788829,2555,39980,2032,120,0
holdout2,syn-small-world-50000-k8-r10-v1,rotating-hot,80,10,increase-only,large,25165824,ADES-V3,3,19489883,19487429,2454,39760,1856,120,0
holdout2,syn-small-world-50000-k8-r10-v1,rotating-hot,80,10,increase-only,large,25165824,B3L,3,464687908,464675684,15971,65044,24200176,28,0
holdout2,syn-small-world-50000-k8-r10-v1,rotating-hot,80,10,increase-only,large,25165824,COLD,3,19607394,19605060,2506,39772,0,120,0
holdout2,syn-small-world-50000-k8-r10-v1,rotating-hot,80,10,increase-only,large,25165824,FREQ-LRU-REPAIR,3,76456808,76429931,14277,47988,8800752,36,4
holdout2,syn-small-world-50000-k8-r10-v1,rotating-hot,80,10,increase-only,large,50331648,ADES,3,19640578,19638066,2512,40056,384,120,0
holdout2,syn-small-world-50000-k8-r10-v1,rotating-hot,80,10,increase-only,large,50331648,ADES-V2,3,19849174,19846811,2363,38884,2032,120,0
holdout2,syn-small-world-50000-k8-r10-v1,rotating-hot,80,10,increase-only,large,50331648,ADES-V3,3,19483779,19481322,2706,39152,1856,120,0
holdout2,syn-small-world-50000-k8-r10-v1,rotating-hot,80,10,increase-only,large,50331648,B3L,3,412688301,412663717,27783,89868,48400352,24,0
holdout2,syn-small-world-50000-k8-r10-v1,rotating-hot,80,10,increase-only,large,50331648,COLD,3,19514252,19511376,2476,39864,0,120,0
holdout2,syn-small-world-50000-k8-r10-v1,rotating-hot,80,10,increase-only,large,50331648,FREQ-LRU-REPAIR,3,76999696,76968798,26620,47952,8800752,36,4
holdout2,syn-small-world-50000-k8-r10-v1,rotating-hot,80,100,balanced-random,small,25165824,ADES,3,20319392,20319071,321,38992,400,120,0
holdout2,syn-small-world-50000-k8-r10-v1,rotating-hot,80,100,balanced-random,small,25165824,ADES-V2,3,20351263,20350922,341,38960,2032,120,0
holdout2,syn-small-world-50000-k8-r10-v1,rotating-hot,80,100,balanced-random,small,25165824,ADES-V3,3,20140661,20140311,381,38836,1856,120,0
holdout2,syn-small-world-50000-k8-r10-v1,rotating-hot,80,100,balanced-random,small,25165824,B3L,3,468712695,468701905,781,66284,24200176,28,0
holdout2,syn-small-world-50000-k8-r10-v1,rotating-hot,80,100,balanced-random,small,25165824,COLD,3,20222845,20222475,410,40052,0,120,0
holdout2,syn-small-world-50000-k8-r10-v1,rotating-hot,80,100,balanced-random,small,25165824,FREQ-LRU-REPAIR,3,77115991,77114177,1814,47928,8800768,37,4
holdout2,syn-small-world-50000-k8-r10-v1,rotating-hot,80,100,balanced-random,small,50331648,ADES,3,20348275,20347894,451,39484,400,120,0
holdout2,syn-small-world-50000-k8-r10-v1,rotating-hot,80,100,balanced-random,small,50331648,ADES-V2,3,20115544,20115203,341,39324,2032,120,0
holdout2,syn-small-world-50000-k8-r10-v1,rotating-hot,80,100,balanced-random,small,50331648,ADES-V3,3,20155429,20155008,421,38792,1856,120,0
holdout2,syn-small-world-50000-k8-r10-v1,rotating-hot,80,100,balanced-random,small,50331648,B3L,3,427418854,427417381,1473,89844,48400352,25,0
holdout2,syn-small-world-50000-k8-r10-v1,rotating-hot,80,100,balanced-random,small,50331648,COLD,3,20151304,20150873,441,39828,0,120,0
holdout2,syn-small-world-50000-k8-r10-v1,rotating-hot,80,100,balanced-random,small,50331648,FREQ-LRU-REPAIR,3,76842294,76841332,1593,49112,8800768,37,4
holdout2,syn-small-world-50000-k8-r10-v1,rotating-hot,80,100,increase-only,large,25165824,ADES,3,20078106,20077745,361,39064,384,120,0
holdout2,syn-small-world-50000-k8-r10-v1,rotating-hot,80,100,increase-only,large,25165824,ADES-V2,3,20080519,20080168,341,39480,2032,120,0
holdout2,syn-small-world-50000-k8-r10-v1,rotating-hot,80,100,increase-only,large,25165824,ADES-V3,3,19987321,19986930,381,38876,1856,120,0
holdout2,syn-small-world-50000-k8-r10-v1,rotating-hot,80,100,increase-only,large,25165824,B3L,3,468174479,468173598,832,65124,24200176,28,0
holdout2,syn-small-world-50000-k8-r10-v1,rotating-hot,80,100,increase-only,large,25165824,COLD,3,19878391,19877980,400,38808,0,120,0
holdout2,syn-small-world-50000-k8-r10-v1,rotating-hot,80,100,increase-only,large,25165824,FREQ-LRU-REPAIR,3,76866909,76865467,1583,48468,8800752,36,4
holdout2,syn-small-world-50000-k8-r10-v1,rotating-hot,80,100,increase-only,large,50331648,ADES,3,20019036,20007344,471,38984,384,120,0
holdout2,syn-small-world-50000-k8-r10-v1,rotating-hot,80,100,increase-only,large,50331648,ADES-V2,3,20190208,20189747,461,38868,2032,120,0
holdout2,syn-small-world-50000-k8-r10-v1,rotating-hot,80,100,increase-only,large,50331648,ADES-V3,3,20065274,20064763,431,39072,1856,120,0
holdout2,syn-small-world-50000-k8-r10-v1,rotating-hot,80,100,increase-only,large,50331648,B3L,3,412957298,412955724,1574,88780,48400352,24,0
holdout2,syn-small-world-50000-k8-r10-v1,rotating-hot,80,100,increase-only,large,50331648,COLD,3,19923261,19922860,401,38872,0,120,0
holdout2,syn-small-world-50000-k8-r10-v1,rotating-hot,80,100,increase-only,large,50331648,FREQ-LRU-REPAIR,3,76761772,76760259,1614,49068,8800752,36,4
regression,ny-road-distance,churn,100,5,strict-alternating,medium,16777216,ADES,3,1648309786,1648280814,34576,110888,11631416,97,10
regression,ny-road-distance,churn,100,5,strict-alternating,medium,16777216,ADES-V2,3,1102081397,1101324743,756654,109896,11633356,92,1
regression,ny-road-distance,churn,100,5,strict-alternating,medium,16777216,ADES-V3,3,1144061122,1143326470,734652,115992,11633224,92,2
regression,ny-road-distance,churn,100,5,strict-alternating,medium,16777216,B3L,3,5624644029,5624584789,59240,117072,11631240,120,0
regression,ny-road-distance,churn,100,5,strict-alternating,medium,16777216,COLD,3,1389144427,1389130842,12875,98564,0,120,0
regression,ny-road-distance,churn,100,5,strict-alternating,medium,16777216,FREQ-LRU-REPAIR,3,2476631868,2419708930,64380,110864,11631380,99,24
regression,ny-road-distance,churn,100,5,strict-alternating,medium,67108864,ADES,3,466524437,459968596,757485,140884,46525328,17,4
regression,ny-road-distance,churn,100,5,strict-alternating,medium,67108864,ADES-V2,3,367889061,367101310,787751,140808,46527328,15,4
regression,ny-road-distance,churn,100,5,strict-alternating,medium,67108864,ADES-V3,3,327933788,319455820,778454,139764,46527328,9,4
regression,ny-road-distance,churn,100,5,strict-alternating,medium,67108864,B3L,3,218223327,218103956,761101,138764,46524960,4,0
regression,ny-road-distance,churn,100,5,strict-alternating,medium,67108864,COLD,3,1397734004,1397722214,11790,98516,0,120,0
regression,ny-road-distance,churn,100,5,strict-alternating,medium,67108864,FREQ-LRU-REPAIR,3,469494106,457006256,828058,140820,46525328,16,4
regression,ny-road-distance,churn,100,50,strict-alternating,medium,16777216,ADES,3,1661521283,1661518177,3106,110844,11631416,98,10
regression,ny-road-distance,churn,100,50,strict-alternating,medium,16777216,ADES-V2,3,1058531569,1058512113,12153,110844,11633356,92,1
regression,ny-road-distance,churn,100,50,strict-alternating,medium,16777216,ADES-V3,3,1113735891,1113717968,11101,116076,11633224,92,2
regression,ny-road-distance,churn,100,50,strict-alternating,medium,16777216,B3L,3,5626145466,5626143443,2023,116080,11631240,120,0
regression,ny-road-distance,churn,100,50,strict-alternating,medium,16777216,COLD,3,1358601493,1358600070,1423,97520,0,120,0
regression,ny-road-distance,churn,100,50,strict-alternating,medium,16777216,FREQ-LRU-REPAIR,3,2394831492,2394828817,2675,109768,11631380,99,24
regression,ny-road-distance,churn,100,50,strict-alternating,medium,67108864,ADES,3,453413625,453374162,36669,139812,46525328,17,4
regression,ny-road-distance,churn,100,50,strict-alternating,medium,67108864,ADES-V2,3,422949451,422907752,35226,139880,46527328,18,4
regression,ny-road-distance,churn,100,50,strict-alternating,medium,67108864,ADES-V3,3,318901799,318896088,34515,138800,46527328,10,4
regression,ny-road-distance,churn,100,50,strict-alternating,medium,67108864,B3L,3,214128737,214093481,33143,139768,46524960,4,0
regression,ny-road-distance,churn,100,50,strict-alternating,medium,67108864,COLD,3,1364539795,1364538393,1402,98612,0,120,0
regression,ny-road-distance,churn,100,50,strict-alternating,medium,67108864,FREQ-LRU-REPAIR,3,430206772,430167769,34425,139748,46525328,16,4
regression,syn-clustered-50000-c100-d6-v1,hot-pool,85,2,repeated-edge,medium,16777216,ADES,3,20623282,20611446,11836,34672,368,120,0
regression,syn-clustered-50000-c100-d6-v1,hot-pool,85,2,repeated-edge,medium,16777216,ADES-V2,3,20515269,20503021,11938,34672,2032,120,0
regression,syn-clustered-50000-c100-d6-v1,hot-pool,85,2,repeated-edge,medium,16777216,ADES-V3,3,20465557,20453897,12592,34216,1856,120,0
regression,syn-clustered-50000-c100-d6-v1,hot-pool,85,2,repeated-edge,medium,16777216,B3L,3,362103145,362093309,9836,52236,15400112,24,0
regression,syn-clustered-50000-c100-d6-v1,hot-pool,85,2,repeated-edge,medium,16777216,COLD,3,20500990,20488831,11805,34220,0,120,0
regression,syn-clustered-50000-c100-d6-v1,hot-pool,85,2,repeated-edge,medium,16777216,FREQ-LRU-REPAIR,3,70647178,70586874,42261,43704,8800736,35,4
regression,syn-grid-224x224-v1,churn,100,5,strict-alternating,medium,16777216,ADES,3,78140408,76606875,534693,33312,8831408,18,4
regression,syn-grid-224x224-v1,churn,100,5,strict-alternating,medium,16777216,ADES-V2,3,77444848,69130444,537961,33344,8833408,21,4
regression,syn-grid-224x224-v1,churn,100,5,strict-alternating,medium,16777216,ADES-V3,3,49301261,48781683,519578,33216,8833408,11,4
regression,syn-grid-224x224-v1,churn,100,5,strict-alternating,medium,16777216,B3L,3,33160556,32639777,520779,33204,8831040,4,0
regression,syn-grid-224x224-v1,churn,100,5,strict-alternating,medium,16777216,COLD,3,277588480,277583119,5361,25128,0,120,0
regression,syn-grid-224x224-v1,churn,100,5,strict-alternating,medium,16777216,FREQ-LRU-REPAIR,3,74877274,69671442,524516,33132,8831408,16,4
regression,syn-grid-224x224-v1,churn,100,5,strict-alternating,medium,67108864,ADES,3,77966076,76062693,528778,33332,8831408,18,4
regression,syn-grid-224x224-v1,churn,100,5,strict-alternating,medium,67108864,ADES-V2,3,77906346,69539195,523850,33064,8833408,21,4
regression,syn-grid-224x224-v1,churn,100,5,strict-alternating,medium,67108864,ADES-V3,3,49500136,48972286,527850,33216,8833408,11,4
regression,syn-grid-224x224-v1,churn,100,5,strict-alternating,medium,67108864,B3L,3,32982793,32461678,521115,33204,8831040,4,0
regression,syn-grid-224x224-v1,churn,100,5,strict-alternating,medium,67108864,COLD,3,277697771,277691557,5460,25164,0,120,0
regression,syn-grid-224x224-v1,churn,100,5,strict-alternating,medium,67108864,FREQ-LRU-REPAIR,3,74829393,69843575,528341,33404,8831408,16,4
regression,syn-grid-224x224-v1,churn,100,50,strict-alternating,medium,16777216,ADES,3,72539949,72534729,4809,33004,8831408,20,4
regression,syn-grid-224x224-v1,churn,100,50,strict-alternating,medium,16777216,ADES-V2,3,75268626,75264499,4127,33336,8833408,27,4
regression,syn-grid-224x224-v1,churn,100,50,strict-alternating,medium,16777216,ADES-V3,3,51108944,51103494,5131,32896,8833408,11,4
regression,syn-grid-224x224-v1,churn,100,50,strict-alternating,medium,16777216,B3L,3,32443604,32442372,3346,32904,8831040,4,0
regression,syn-grid-224x224-v1,churn,100,50,strict-alternating,medium,16777216,COLD,3,275802736,275801965,672,25268,0,120,0
regression,syn-grid-224x224-v1,churn,100,50,strict-alternating,medium,16777216,FREQ-LRU-REPAIR,3,69946311,69941432,4879,33328,8831408,16,4
regression,syn-grid-224x224-v1,churn,100,50,strict-alternating,medium,67108864,ADES,3,72572859,72567940,4818,33336,8831408,20,4
regression,syn-grid-224x224-v1,churn,100,50,strict-alternating,medium,67108864,ADES-V2,3,75632706,75628448,4258,33060,8833408,27,4
regression,syn-grid-224x224-v1,churn,100,50,strict-alternating,medium,67108864,ADES-V3,3,50959449,50956774,5150,32872,8833408,11,4
regression,syn-grid-224x224-v1,churn,100,50,strict-alternating,medium,67108864,B3L,3,32326954,32325751,3386,32896,8831040,4,0
regression,syn-grid-224x224-v1,churn,100,50,strict-alternating,medium,67108864,COLD,3,278416001,278415180,682,25116,0,120,0
regression,syn-grid-224x224-v1,churn,100,50,strict-alternating,medium,67108864,FREQ-LRU-REPAIR,3,70311736,70306748,4988,33340,8831408,16,4
