phase,graph_id,family,update_interval,update_mode,budget_bytes,comparator,paired_samples,independent_seeds,geomean_comparator_over_v2,ci95_low,ci95_high,v2_wins,ties,v2_losses
development,ny-road-distance,churn,5,strict-alternating,16777216,ADES,6,3,1.456796388,1.410730844,1.504366141,6,0,0
development,ny-road-distance,churn,5,strict-alternating,16777216,B3L,6,3,4.322560930,3.846596745,4.857419229,6,0,0
development,ny-road-distance,churn,5,strict-alternating,16777216,COLD,6,3,1.220917615,1.095051570,1.361250799,6,0,0
development,ny-road-distance,churn,5,strict-alternating,16777216,FREQ-LRU-REPAIR,6,3,1.927787351,1.821842357,2.039893330,6,0,0
development,ny-road-distance,churn,5,strict-alternating,67108864,ADES,6,3,1.328113561,0.974340645,1.810337730,6,0,0
development,ny-road-distance,churn,5,strict-alternating,67108864,B3L,6,3,0.579494557,0.445758067,0.753354715,0,0,6
development,ny-road-distance,churn,5,strict-alternating,67108864,COLD,6,3,2.268271867,1.569741718,3.277645743,6,0,0
development,ny-road-distance,churn,5,strict-alternating,67108864,FREQ-LRU-REPAIR,6,3,1.297988435,0.893684480,1.885199994,6,0,0
development,ny-road-distance,churn,50,strict-alternating,16777216,ADES,6,3,1.472291498,1.264233396,1.714590251,6,0,0
development,ny-road-distance,churn,50,strict-alternating,16777216,B3L,6,3,4.385844702,3.752619192,5.125922127,6,0,0
development,ny-road-distance,churn,50,strict-alternating,16777216,COLD,6,3,1.271764970,1.084589830,1.491242214,6,0,0
development,ny-road-distance,churn,50,strict-alternating,16777216,FREQ-LRU-REPAIR,6,3,1.983808993,1.748015560,2.251409091,6,0,0
development,ny-road-distance,churn,50,strict-alternating,67108864,ADES,6,3,1.240236494,0.731153453,2.103780749,6,0,0
development,ny-road-distance,churn,50,strict-alternating,67108864,B3L,6,3,0.550073903,0.368931742,0.820155233,0,0,6
development,ny-road-distance,churn,50,strict-alternating,67108864,COLD,6,3,2.174549385,1.419808479,3.330494991,6,0,0
development,ny-road-distance,churn,50,strict-alternating,67108864,FREQ-LRU-REPAIR,6,3,1.170527957,0.674665205,2.030837944,5,0,1
development,ny-road-distance,single-hot,5,strict-alternating,16777216,ADES,6,3,1.489199441,0.909898915,2.437320167,6,0,0
development,ny-road-distance,single-hot,5,strict-alternating,16777216,B3L,6,3,2.827365785,0.951513904,8.401345741,6,0,0
development,ny-road-distance,single-hot,5,strict-alternating,16777216,COLD,6,3,7.068065736,2.380108801,20.989609061,6,0,0
development,ny-road-distance,single-hot,5,strict-alternating,16777216,FREQ-LRU-REPAIR,6,3,1.353722409,0.798923209,2.293792870,6,0,0
development,ny-road-distance,single-hot,5,strict-alternating,67108864,ADES,6,3,1.424405831,0.806328951,2.516258370,6,0,0
development,ny-road-distance,single-hot,5,strict-alternating,67108864,B3L,6,3,1.822092073,0.691707415,4.799745457,6,0,0
development,ny-road-distance,single-hot,5,strict-alternating,67108864,COLD,6,3,6.946015253,2.240739424,21.531788732,6,0,0
development,ny-road-distance,single-hot,5,strict-alternating,67108864,FREQ-LRU-REPAIR,6,3,1.308112166,0.663747007,2.578026598,6,0,0
development,ny-road-distance,single-hot,50,strict-alternating,16777216,ADES,6,3,1.359681672,0.733525842,2.520339631,6,0,0
development,ny-road-distance,single-hot,50,strict-alternating,16777216,B3L,6,3,2.659189592,1.019711565,6.934597519,6,0,0
development,ny-road-distance,single-hot,50,strict-alternating,16777216,COLD,6,3,6.319905813,1.424050494,28.047607626,6,0,0
development,ny-road-distance,single-hot,50,strict-alternating,16777216,FREQ-LRU-REPAIR,6,3,1.307991970,0.665896888,2.569231099,6,0,0
development,ny-road-distance,single-hot,50,strict-alternating,67108864,ADES,6,3,1.372323503,0.824391875,2.284437598,6,0,0
development,ny-road-distance,single-hot,50,strict-alternating,67108864,B3L,6,3,1.722598540,0.789982616,3.756216493,6,0,0
development,ny-road-distance,single-hot,50,strict-alternating,67108864,COLD,6,3,6.331637114,1.363167391,29.409175135,6,0,0
development,ny-road-distance,single-hot,50,strict-alternating,67108864,FREQ-LRU-REPAIR,6,3,1.318838513,0.669116589,2.599449860,6,0,0
development,ny-road-distance,uniform,5,strict-alternating,16777216,ADES,6,3,1.016636923,0.951009740,1.086792899,4,1,1
development,ny-road-distance,uniform,5,strict-alternating,16777216,B3L,6,3,3.538623423,2.884477595,4.341117348,6,0,0
development,ny-road-distance,uniform,5,strict-alternating,16777216,COLD,6,3,1.022755386,0.984277302,1.062737684,4,2,0
development,ny-road-distance,uniform,5,strict-alternating,16777216,FREQ-LRU-REPAIR,6,3,1.037338074,0.954778903,1.127036088,3,2,1
development,ny-road-distance,uniform,5,strict-alternating,67108864,ADES,6,3,0.999684767,0.913195355,1.094365656,3,1,2
development,ny-road-distance,uniform,5,strict-alternating,67108864,B3L,6,3,3.466227424,2.782273758,4.318314301,6,0,0
development,ny-road-distance,uniform,5,strict-alternating,67108864,COLD,6,3,0.984950508,0.916608456,1.058388124,1,1,4
development,ny-road-distance,uniform,5,strict-alternating,67108864,FREQ-LRU-REPAIR,6,3,0.999830865,0.987820130,1.011987636,3,0,3
development,ny-road-distance,uniform,50,strict-alternating,16777216,ADES,6,3,1.003137997,0.965920067,1.041789974,2,2,2
development,ny-road-distance,uniform,50,strict-alternating,16777216,B3L,6,3,3.322828293,2.611552107,4.227825986,6,0,0
development,ny-road-distance,uniform,50,strict-alternating,16777216,COLD,6,3,1.006783596,0.977361918,1.037090959,3,1,2
development,ny-road-distance,uniform,50,strict-alternating,16777216,FREQ-LRU-REPAIR,6,3,1.004338667,0.960732873,1.049923643,3,1,2
development,ny-road-distance,uniform,50,strict-alternating,67108864,ADES,6,3,0.997243566,0.943138538,1.054452438,3,1,2
development,ny-road-distance,uniform,50,strict-alternating,67108864,B3L,6,3,3.382310759,2.675243767,4.276255572,6,0,0
development,ny-road-distance,uniform,50,strict-alternating,67108864,COLD,6,3,1.024086143,0.976913132,1.073537036,5,0,1
development,ny-road-distance,uniform,50,strict-alternating,67108864,FREQ-LRU-REPAIR,6,3,1.016757617,0.987136414,1.047267669,3,2,1
development,syn-grid-224x224-v1,churn,5,strict-alternating,16777216,ADES,6,3,1.097969130,0.855308044,1.409476057,4,0,2
development,syn-grid-224x224-v1,churn,5,strict-alternating,16777216,B3L,6,3,0.431832429,0.345862035,0.539172353,0,0,6
development,syn-grid-224x224-v1,churn,5,strict-alternating,16777216,COLD,6,3,1.816153519,1.118967012,2.947730869,6,0,0
development,syn-grid-224x224-v1,churn,5,strict-alternating,16777216,FREQ-LRU-REPAIR,6,3,0.977012822,0.621361861,1.536228910,4,0,2
development,syn-grid-224x224-v1,churn,5,strict-alternating,67108864,ADES,6,3,1.048366403,0.602109690,1.825368590,4,0,2
development,syn-grid-224x224-v1,churn,5,strict-alternating,67108864,B3L,6,3,0.439391622,0.326074574,0.592088474,0,0,6
development,syn-grid-224x224-v1,churn,5,strict-alternating,67108864,COLD,6,3,1.859505104,0.949646070,3.641103082,6,0,0
development,syn-grid-224x224-v1,churn,5,strict-alternating,67108864,FREQ-LRU-REPAIR,6,3,0.976570698,0.498769009,1.912088183,3,1,2
development,syn-grid-224x224-v1,churn,50,strict-alternating,16777216,ADES,6,3,1.112161753,0.693295926,1.784092071,4,1,1
development,syn-grid-224x224-v1,churn,50,strict-alternating,16777216,B3L,6,3,0.498231320,0.346944947,0.715486565,0,0,6
development,syn-grid-224x224-v1,churn,50,strict-alternating,16777216,COLD,6,3,1.935656625,0.958748906,3.907974807,6,0,0
development,syn-grid-224x224-v1,churn,50,strict-alternating,16777216,FREQ-LRU-REPAIR,6,3,1.076590890,0.587788144,1.971880439,4,0,2
development,syn-grid-224x224-v1,churn,50,strict-alternating,67108864,ADES,6,3,1.090372957,0.679377779,1.750003052,3,0,3
development,syn-grid-224x224-v1,churn,50,strict-alternating,67108864,B3L,6,3,0.473685829,0.355462762,0.631228608,0,0,6
development,syn-grid-224x224-v1,churn,50,strict-alternating,67108864,COLD,6,3,1.942330170,0.955073598,3.950110750,6,0,0
development,syn-grid-224x224-v1,churn,50,strict-alternating,67108864,FREQ-LRU-REPAIR,6,3,1.016765086,0.577325117,1.790691606,3,0,3
development,syn-grid-224x224-v1,single-hot,5,strict-alternating,16777216,ADES,6,3,1.418510266,0.792316799,2.539604585,6,0,0
development,syn-grid-224x224-v1,single-hot,5,strict-alternating,16777216,B3L,6,3,1.636517060,0.812258099,3.297213154,6,0,0
development,syn-grid-224x224-v1,single-hot,5,strict-alternating,16777216,COLD,6,3,7.188682217,1.468169515,35.198355163,6,0,0
development,syn-grid-224x224-v1,single-hot,5,strict-alternating,16777216,FREQ-LRU-REPAIR,6,3,1.415865542,0.869078896,2.306666566,6,0,0
development,syn-grid-224x224-v1,single-hot,5,strict-alternating,67108864,ADES,6,3,1.449390051,0.748158731,2.807868748,6,0,0
development,syn-grid-224x224-v1,single-hot,5,strict-alternating,67108864,B3L,6,3,1.720742420,0.786379917,3.765297679,6,0,0
development,syn-grid-224x224-v1,single-hot,5,strict-alternating,67108864,COLD,6,3,7.075033644,1.576436484,31.752691330,6,0,0
development,syn-grid-224x224-v1,single-hot,5,strict-alternating,67108864,FREQ-LRU-REPAIR,6,3,1.445812642,0.735468606,2.842234429,6,0,0
development,syn-grid-224x224-v1,single-hot,50,strict-alternating,16777216,ADES,6,3,1.401555713,0.766682596,2.562153395,6,0,0
development,syn-grid-224x224-v1,single-hot,50,strict-alternating,16777216,B3L,6,3,1.681152425,0.895599762,3.155732723,6,0,0
development,syn-grid-224x224-v1,single-hot,50,strict-alternating,16777216,COLD,6,3,6.651760832,1.096367486,40.356835412,6,0,0
development,syn-grid-224x224-v1,single-hot,50,strict-alternating,16777216,FREQ-LRU-REPAIR,6,3,1.328673699,0.689663788,2.559760032,6,0,0
development,syn-grid-224x224-v1,single-hot,50,strict-alternating,67108864,ADES,6,3,1.380202628,0.689302718,2.763603339,6,0,0
development,syn-grid-224x224-v1,single-hot,50,strict-alternating,67108864,B3L,6,3,1.715854182,0.948909613,3.102672304,6,0,0
development,syn-grid-224x224-v1,single-hot,50,strict-alternating,67108864,COLD,6,3,6.961768277,1.255589887,38.600356733,6,0,0
development,syn-grid-224x224-v1,single-hot,50,strict-alternating,67108864,FREQ-LRU-REPAIR,6,3,1.417127641,0.693823930,2.894467407,6,0,0
development,syn-grid-224x224-v1,uniform,5,strict-alternating,16777216,ADES,6,3,1.031905192,0.910853235,1.169044897,3,2,1
development,syn-grid-224x224-v1,uniform,5,strict-alternating,16777216,B3L,6,3,3.369802072,2.812227620,4.037925638,6,0,0
development,syn-grid-224x224-v1,uniform,5,strict-alternating,16777216,COLD,6,3,1.051422405,0.987617327,1.119349612,4,1,1
development,syn-grid-224x224-v1,uniform,5,strict-alternating,16777216,FREQ-LRU-REPAIR,6,3,1.042060852,0.900734022,1.205562123,5,0,1
development,syn-grid-224x224-v1,uniform,5,strict-alternating,67108864,ADES,6,3,1.027970127,0.988349486,1.069179069,4,1,1
development,syn-grid-224x224-v1,uniform,5,strict-alternating,67108864,B3L,6,3,3.533342030,2.386700215,5.230864698,6,0,0
development,syn-grid-224x224-v1,uniform,5,strict-alternating,67108864,COLD,6,3,1.005053187,0.910281586,1.109691687,3,1,2
development,syn-grid-224x224-v1,uniform,5,strict-alternating,67108864,FREQ-LRU-REPAIR,6,3,1.025948846,0.970776255,1.084257086,4,0,2
development,syn-grid-224x224-v1,uniform,50,strict-alternating,16777216,ADES,6,3,0.961686056,0.769100855,1.202495180,2,1,3
development,syn-grid-224x224-v1,uniform,50,strict-alternating,16777216,B3L,6,3,3.340416169,2.591687135,4.305450312,6,0,0
development,syn-grid-224x224-v1,uniform,50,strict-alternating,16777216,COLD,6,3,1.010889088,0.886918417,1.152187990,2,2,2
development,syn-grid-224x224-v1,uniform,50,strict-alternating,16777216,FREQ-LRU-REPAIR,6,3,0.972652259,0.797651199,1.186047760,2,1,3
development,syn-grid-224x224-v1,uniform,50,strict-alternating,67108864,ADES,6,3,1.000616645,0.904306821,1.107183587,2,1,3
development,syn-grid-224x224-v1,uniform,50,strict-alternating,67108864,B3L,6,3,3.434262023,2.094463375,5.631110948,6,0,0
development,syn-grid-224x224-v1,uniform,50,strict-alternating,67108864,COLD,6,3,1.023717080,0.887001048,1.181505548,3,0,3
development,syn-grid-224x224-v1,uniform,50,strict-alternating,67108864,FREQ-LRU-REPAIR,6,3,1.012987008,0.951766629,1.078145259,2,2,2
development,syn-scale-free-50000-m4-v1,churn,5,strict-alternating,16777216,ADES,6,3,1.362126726,0.866841669,2.140401512,6,0,0
development,syn-scale-free-50000-m4-v1,churn,5,strict-alternating,16777216,B3L,6,3,1.545502547,0.515082673,4.637271352,5,0,1
development,syn-scale-free-50000-m4-v1,churn,5,strict-alternating,16777216,COLD,6,3,1.006326746,0.822193519,1.231697278,3,1,2
development,syn-scale-free-50000-m4-v1,churn,5,strict-alternating,16777216,FREQ-LRU-REPAIR,6,3,1.881963073,0.704727461,5.025751378,6,0,0
development,syn-scale-free-50000-m4-v1,churn,5,strict-alternating,67108864,ADES,6,3,1.359038841,0.712879956,2.590880212,4,2,0
development,syn-scale-free-50000-m4-v1,churn,5,strict-alternating,67108864,B3L,6,3,1.632607577,0.561831905,4.744136957,6,0,0
development,syn-scale-free-50000-m4-v1,churn,5,strict-alternating,67108864,COLD,6,3,0.973904583,0.895763350,1.058862406,1,0,5
development,syn-scale-free-50000-m4-v1,churn,5,strict-alternating,67108864,FREQ-LRU-REPAIR,6,3,1.844726297,0.675487664,5.037864188,6,0,0
development,syn-scale-free-50000-m4-v1,churn,50,strict-alternating,16777216,ADES,6,3,1.132219991,0.509457856,2.516247599,3,0,3
development,syn-scale-free-50000-m4-v1,churn,50,strict-alternating,16777216,B3L,6,3,1.658318309,0.430454782,6.388637628,5,0,1
development,syn-scale-free-50000-m4-v1,churn,50,strict-alternating,16777216,COLD,6,3,0.967798927,0.704505651,1.329492193,2,1,3
development,syn-scale-free-50000-m4-v1,churn,50,strict-alternating,16777216,FREQ-LRU-REPAIR,6,3,1.900771088,0.518886386,6.962855112,6,0,0
development,syn-scale-free-50000-m4-v1,churn,50,strict-alternating,67108864,ADES,6,3,1.195470954,0.510949138,2.797051005,3,1,2
development,syn-scale-free-50000-m4-v1,churn,50,strict-alternating,67108864,B3L,6,3,1.722579194,0.389733763,7.613605387,5,0,1
development,syn-scale-free-50000-m4-v1,churn,50,strict-alternating,67108864,COLD,6,3,0.938688043,0.669732559,1.315652392,1,0,5
development,syn-scale-free-50000-m4-v1,churn,50,strict-alternating,67108864,FREQ-LRU-REPAIR,6,3,1.884216889,0.461360951,7.695218415,6,0,0
development,syn-scale-free-50000-m4-v1,single-hot,5,strict-alternating,16777216,ADES,6,3,1.158527899,0.522723084,2.567682455,4,0,2
development,syn-scale-free-50000-m4-v1,single-hot,5,strict-alternating,16777216,B3L,6,3,2.367172762,0.500122307,11.204273041,6,0,0
development,syn-scale-free-50000-m4-v1,single-hot,5,strict-alternating,16777216,COLD,6,3,1.676094250,0.107754632,26.071194168,4,0,2
development,syn-scale-free-50000-m4-v1,single-hot,5,strict-alternating,16777216,FREQ-LRU-REPAIR,6,3,0.981810819,0.324267443,2.972708193,4,0,2
development,syn-scale-free-50000-m4-v1,single-hot,5,strict-alternating,67108864,ADES,6,3,1.206723023,0.512170077,2.843158002,4,0,2
development,syn-scale-free-50000-m4-v1,single-hot,5,strict-alternating,67108864,B3L,6,3,2.530624119,0.498008307,12.859340587,6,0,0
development,syn-scale-free-50000-m4-v1,single-hot,5,strict-alternating,67108864,COLD,6,3,1.758168872,0.115274204,26.815693957,4,0,2
development,syn-scale-free-50000-m4-v1,single-hot,5,strict-alternating,67108864,FREQ-LRU-REPAIR,6,3,0.993800661,0.269926684,3.658918558,4,0,2
development,syn-scale-free-50000-m4-v1,single-hot,50,strict-alternating,16777216,ADES,6,3,1.293860002,0.837963668,1.997787934,6,0,0
development,syn-scale-free-50000-m4-v1,single-hot,50,strict-alternating,16777216,B3L,6,3,2.892413189,0.856632043,9.766216571,6,0,0
development,syn-scale-free-50000-m4-v1,single-hot,50,strict-alternating,16777216,COLD,6,3,1.964346486,0.166649869,23.154276269,4,0,2
development,syn-scale-free-50000-m4-v1,single-hot,50,strict-alternating,16777216,FREQ-LRU-REPAIR,6,3,1.145673508,0.493067177,2.662046568,3,1,2
development,syn-scale-free-50000-m4-v1,single-hot,50,strict-alternating,67108864,ADES,6,3,1.319409211,1.032116656,1.686670452,6,0,0
development,syn-scale-free-50000-m4-v1,single-hot,50,strict-alternating,67108864,B3L,6,3,2.659414034,0.671654616,10.529940290,6,0,0
development,syn-scale-free-50000-m4-v1,single-hot,50,strict-alternating,67108864,COLD,6,3,2.011904414,0.190354528,21.264318784,4,1,1
development,syn-scale-free-50000-m4-v1,single-hot,50,strict-alternating,67108864,FREQ-LRU-REPAIR,6,3,1.109457835,0.670460405,1.835897661,3,1,2
development,syn-scale-free-50000-m4-v1,uniform,5,strict-alternating,16777216,ADES,6,3,0.982093405,0.818544636,1.178319928,3,0,3
development,syn-scale-free-50000-m4-v1,uniform,5,strict-alternating,16777216,B3L,6,3,21.000568956,11.181531470,39.442172804,6,0,0
development,syn-scale-free-50000-m4-v1,uniform,5,strict-alternating,16777216,COLD,6,3,0.954884615,0.842485661,1.082279105,1,0,5
development,syn-scale-free-50000-m4-v1,uniform,5,strict-alternating,16777216,FREQ-LRU-REPAIR,6,3,0.944996320,0.742606410,1.202545565,2,1,3
development,syn-scale-free-50000-m4-v1,uniform,5,strict-alternating,67108864,ADES,6,3,1.064723587,0.966561335,1.172855023,4,0,2
development,syn-scale-free-50000-m4-v1,uniform,5,strict-alternating,67108864,B3L,6,3,22.871021162,13.706709213,38.162596206,6,0,0
development,syn-scale-free-50000-m4-v1,uniform,5,strict-alternating,67108864,COLD,6,3,1.050744342,1.001289711,1.102641583,3,1,2
development,syn-scale-free-50000-m4-v1,uniform,5,strict-alternating,67108864,FREQ-LRU-REPAIR,6,3,1.024363001,0.962020332,1.090745718,4,2,0
development,syn-scale-free-50000-m4-v1,uniform,50,strict-alternating,16777216,ADES,6,3,1.047653894,0.898464125,1.221616591,4,1,1
development,syn-scale-free-50000-m4-v1,uniform,50,strict-alternating,16777216,B3L,6,3,23.996934495,14.223810100,40.485134510,6,0,0
development,syn-scale-free-50000-m4-v1,uniform,50,strict-alternating,16777216,COLD,6,3,0.990629214,0.905269947,1.084037136,3,0,3
development,syn-scale-free-50000-m4-v1,uniform,50,strict-alternating,16777216,FREQ-LRU-REPAIR,6,3,1.022766501,0.858526842,1.218425872,3,1,2
development,syn-scale-free-50000-m4-v1,uniform,50,strict-alternating,67108864,ADES,6,3,0.960385593,0.883902021,1.043487248,0,2,4
development,syn-scale-free-50000-m4-v1,uniform,50,strict-alternating,67108864,B3L,6,3,24.369884311,13.811509390,42.999736273,6,0,0
development,syn-scale-free-50000-m4-v1,uniform,50,strict-alternating,67108864,COLD,6,3,0.974371410,0.876760959,1.082848904,1,2,3
development,syn-scale-free-50000-m4-v1,uniform,50,strict-alternating,67108864,FREQ-LRU-REPAIR,6,3,0.986247755,0.962393494,1.010693277,3,0,3
holdout,syn-clustered-50000-c100-d6-v1,hot-pool,2,bursty,16777216,ADES,3,3,0.969777670,0.628798011,1.495661108,1,0,2
holdout,syn-clustered-50000-c100-d6-v1,hot-pool,2,bursty,16777216,B3L,3,3,18.846837546,10.351522638,34.314109905,3,0,0
holdout,syn-clustered-50000-c100-d6-v1,hot-pool,2,bursty,16777216,COLD,3,3,0.956495633,0.619576682,1.476627386,1,0,2
holdout,syn-clustered-50000-c100-d6-v1,hot-pool,2,bursty,16777216,FREQ-LRU-REPAIR,3,3,6.732532930,6.354874116,7.132635333,3,0,0
holdout,syn-clustered-50000-c100-d6-v1,hot-pool,2,bursty,67108864,ADES,3,3,0.995122230,0.770496189,1.285234459,1,0,2
holdout,syn-clustered-50000-c100-d6-v1,hot-pool,2,bursty,67108864,B3L,3,3,18.494653332,8.090591925,42.277772139,3,0,0
holdout,syn-clustered-50000-c100-d6-v1,hot-pool,2,bursty,67108864,COLD,3,3,1.081535486,0.944029079,1.239070950,3,0,0
holdout,syn-clustered-50000-c100-d6-v1,hot-pool,2,bursty,67108864,FREQ-LRU-REPAIR,3,3,6.807925158,5.086608631,9.111737961,3,0,0
holdout,syn-clustered-50000-c100-d6-v1,hot-pool,2,repeated-edge,16777216,ADES,3,3,0.808387911,0.707710862,0.923387008,0,0,3
holdout,syn-clustered-50000-c100-d6-v1,hot-pool,2,repeated-edge,16777216,B3L,3,3,16.038210960,9.731757432,26.431424397,3,0,0
holdout,syn-clustered-50000-c100-d6-v1,hot-pool,2,repeated-edge,16777216,COLD,3,3,0.863981736,0.571959360,1.305100488,1,0,2
holdout,syn-clustered-50000-c100-d6-v1,hot-pool,2,repeated-edge,16777216,FREQ-LRU-REPAIR,3,3,5.777969960,4.344402104,7.684587215,3,0,0
holdout,syn-clustered-50000-c100-d6-v1,hot-pool,2,repeated-edge,67108864,ADES,3,3,0.980558110,0.730983323,1.315343561,1,0,2
holdout,syn-clustered-50000-c100-d6-v1,hot-pool,2,repeated-edge,67108864,B3L,3,3,17.609203778,9.589736847,32.334991318,3,0,0
holdout,syn-clustered-50000-c100-d6-v1,hot-pool,2,repeated-edge,67108864,COLD,3,3,0.995694352,0.939289792,1.055486017,1,1,1
holdout,syn-clustered-50000-c100-d6-v1,hot-pool,2,repeated-edge,67108864,FREQ-LRU-REPAIR,3,3,5.776741947,4.265779560,7.822895453,3,0,0
holdout,syn-clustered-50000-c100-d6-v1,hot-pool,10,bursty,16777216,ADES,3,3,1.004675625,0.831469573,1.213962776,2,0,1
holdout,syn-clustered-50000-c100-d6-v1,hot-pool,10,bursty,16777216,B3L,3,3,22.173346227,16.457856467,29.873713134,3,0,0
holdout,syn-clustered-50000-c100-d6-v1,hot-pool,10,bursty,16777216,COLD,3,3,1.010560622,0.822683111,1.241344032,1,0,2
holdout,syn-clustered-50000-c100-d6-v1,hot-pool,10,bursty,16777216,FREQ-LRU-REPAIR,3,3,6.284272020,4.811869992,8.207219833,3,0,0
holdout,syn-clustered-50000-c100-d6-v1,hot-pool,10,bursty,67108864,ADES,3,3,1.022239967,0.829072803,1.260413495,2,0,1
holdout,syn-clustered-50000-c100-d6-v1,hot-pool,10,bursty,67108864,B3L,3,3,19.846702191,14.056096269,28.022829405,3,0,0
holdout,syn-clustered-50000-c100-d6-v1,hot-pool,10,bursty,67108864,COLD,3,3,1.023629174,0.832293179,1.258951427,1,1,1
holdout,syn-clustered-50000-c100-d6-v1,hot-pool,10,bursty,67108864,FREQ-LRU-REPAIR,3,3,6.488093117,5.840196112,7.207866224,3,0,0
holdout,syn-clustered-50000-c100-d6-v1,hot-pool,10,repeated-edge,16777216,ADES,3,3,1.096922558,0.797675538,1.508431739,2,0,1
holdout,syn-clustered-50000-c100-d6-v1,hot-pool,10,repeated-edge,16777216,B3L,3,3,18.691878976,6.761644492,51.671799674,3,0,0
holdout,syn-clustered-50000-c100-d6-v1,hot-pool,10,repeated-edge,16777216,COLD,3,3,1.065347650,0.822273550,1.380277421,2,0,1
holdout,syn-clustered-50000-c100-d6-v1,hot-pool,10,repeated-edge,16777216,FREQ-LRU-REPAIR,3,3,6.407301972,4.214470432,9.741085915,3,0,0
holdout,syn-clustered-50000-c100-d6-v1,hot-pool,10,repeated-edge,67108864,ADES,3,3,1.015833689,0.742882672,1.389072762,2,0,1
holdout,syn-clustered-50000-c100-d6-v1,hot-pool,10,repeated-edge,67108864,B3L,3,3,19.518971692,8.137788669,46.817418266,3,0,0
holdout,syn-clustered-50000-c100-d6-v1,hot-pool,10,repeated-edge,67108864,COLD,3,3,1.022806852,0.710231021,1.472948695,1,0,2
holdout,syn-clustered-50000-c100-d6-v1,hot-pool,10,repeated-edge,67108864,FREQ-LRU-REPAIR,3,3,6.677807338,5.549226286,8.035915018,3,0,0
holdout,syn-clustered-50000-c100-d6-v1,rotating-hot,2,bursty,16777216,ADES,3,3,1.015243796,0.724803253,1.422068625,2,0,1
holdout,syn-clustered-50000-c100-d6-v1,rotating-hot,2,bursty,16777216,B3L,3,3,7.749772381,6.496820015,9.244364444,3,0,0
holdout,syn-clustered-50000-c100-d6-v1,rotating-hot,2,bursty,16777216,COLD,3,3,1.009776708,0.859368728,1.186509315,2,0,1
holdout,syn-clustered-50000-c100-d6-v1,rotating-hot,2,bursty,16777216,FREQ-LRU-REPAIR,3,3,7.404039760,6.492847876,8.443106294,3,0,0
holdout,syn-clustered-50000-c100-d6-v1,rotating-hot,2,bursty,67108864,ADES,3,3,1.097547262,0.844209482,1.426908863,3,0,0
holdout,syn-clustered-50000-c100-d6-v1,rotating-hot,2,bursty,67108864,B3L,3,3,7.393659586,4.781729384,11.432307788,3,0,0
holdout,syn-clustered-50000-c100-d6-v1,rotating-hot,2,bursty,67108864,COLD,3,3,1.016240858,0.920732027,1.121656955,2,0,1
holdout,syn-clustered-50000-c100-d6-v1,rotating-hot,2,bursty,67108864,FREQ-LRU-REPAIR,3,3,8.491492420,6.598671659,10.927266461,3,0,0
holdout,syn-clustered-50000-c100-d6-v1,rotating-hot,2,repeated-edge,16777216,ADES,3,3,1.032151660,0.666311798,1.598856650,2,0,1
holdout,syn-clustered-50000-c100-d6-v1,rotating-hot,2,repeated-edge,16777216,B3L,3,3,8.384661867,4.531966987,15.512591955,3,0,0
holdout,syn-clustered-50000-c100-d6-v1,rotating-hot,2,repeated-edge,16777216,COLD,3,3,1.002643680,0.728638835,1.379688125,2,0,1
holdout,syn-clustered-50000-c100-d6-v1,rotating-hot,2,repeated-edge,16777216,FREQ-LRU-REPAIR,3,3,7.758295706,3.622575506,16.615568721,3,0,0
holdout,syn-clustered-50000-c100-d6-v1,rotating-hot,2,repeated-edge,67108864,ADES,3,3,1.134320005,0.978574134,1.314853755,3,0,0
holdout,syn-clustered-50000-c100-d6-v1,rotating-hot,2,repeated-edge,67108864,B3L,3,3,7.267417802,4.135785975,12.770332369,3,0,0
holdout,syn-clustered-50000-c100-d6-v1,rotating-hot,2,repeated-edge,67108864,COLD,3,3,0.975789602,0.682974252,1.394145307,1,0,2
holdout,syn-clustered-50000-c100-d6-v1,rotating-hot,2,repeated-edge,67108864,FREQ-LRU-REPAIR,3,3,7.933239490,5.376763280,11.705237060,3,0,0
holdout,syn-clustered-50000-c100-d6-v1,rotating-hot,10,bursty,16777216,ADES,3,3,1.124706874,0.908077199,1.393015433,3,0,0
holdout,syn-clustered-50000-c100-d6-v1,rotating-hot,10,bursty,16777216,B3L,3,3,6.777973619,4.747586214,9.676691335,3,0,0
holdout,syn-clustered-50000-c100-d6-v1,rotating-hot,10,bursty,16777216,COLD,3,3,0.994119627,0.778004471,1.270267550,1,1,1
holdout,syn-clustered-50000-c100-d6-v1,rotating-hot,10,bursty,16777216,FREQ-LRU-REPAIR,3,3,6.850505956,4.737914210,9.905082653,3,0,0
holdout,syn-clustered-50000-c100-d6-v1,rotating-hot,10,bursty,67108864,ADES,3,3,1.052136005,0.698061039,1.585807133,2,0,1
holdout,syn-clustered-50000-c100-d6-v1,rotating-hot,10,bursty,67108864,B3L,3,3,7.243665745,4.981148059,10.533855410,3,0,0
holdout,syn-clustered-50000-c100-d6-v1,rotating-hot,10,bursty,67108864,COLD,3,3,1.070856939,1.001439137,1.145086647,3,0,0
holdout,syn-clustered-50000-c100-d6-v1,rotating-hot,10,bursty,67108864,FREQ-LRU-REPAIR,3,3,7.039134877,5.241229640,9.453777686,3,0,0
holdout,syn-clustered-50000-c100-d6-v1,rotating-hot,10,repeated-edge,16777216,ADES,3,3,1.014080728,1.002072674,1.026232678,3,0,0
holdout,syn-clustered-50000-c100-d6-v1,rotating-hot,10,repeated-edge,16777216,B3L,3,3,7.243386416,4.882220615,10.746471927,3,0,0
holdout,syn-clustered-50000-c100-d6-v1,rotating-hot,10,repeated-edge,16777216,COLD,3,3,1.053471448,0.885757698,1.252940949,2,1,0
holdout,syn-clustered-50000-c100-d6-v1,rotating-hot,10,repeated-edge,16777216,FREQ-LRU-REPAIR,3,3,8.039799750,5.166697422,12.510579728,3,0,0
holdout,syn-clustered-50000-c100-d6-v1,rotating-hot,10,repeated-edge,67108864,ADES,3,3,0.981355571,0.869988381,1.106978873,1,1,1
holdout,syn-clustered-50000-c100-d6-v1,rotating-hot,10,repeated-edge,67108864,B3L,3,3,7.301592972,5.152730340,10.346603919,3,0,0
holdout,syn-clustered-50000-c100-d6-v1,rotating-hot,10,repeated-edge,67108864,COLD,3,3,0.951697926,0.874200597,1.036065345,0,0,3
holdout,syn-clustered-50000-c100-d6-v1,rotating-hot,10,repeated-edge,67108864,FREQ-LRU-REPAIR,3,3,7.499297246,4.739474328,11.866180781,3,0,0
holdout,syn-clustered-50000-c100-d6-v1,zipf,2,bursty,16777216,ADES,3,3,1.099478259,0.935355621,1.292398759,3,0,0
holdout,syn-clustered-50000-c100-d6-v1,zipf,2,bursty,16777216,B3L,3,3,9.502829110,4.327139844,20.869157076,3,0,0
holdout,syn-clustered-50000-c100-d6-v1,zipf,2,bursty,16777216,COLD,3,3,0.991659665,0.902556847,1.089558952,1,0,2
holdout,syn-clustered-50000-c100-d6-v1,zipf,2,bursty,16777216,FREQ-LRU-REPAIR,3,3,7.493540745,4.439323832,12.649032829,3,0,0
holdout,syn-clustered-50000-c100-d6-v1,zipf,2,bursty,67108864,ADES,3,3,0.975865828,0.753790123,1.263367727,2,0,1
holdout,syn-clustered-50000-c100-d6-v1,zipf,2,bursty,67108864,B3L,3,3,9.902412513,4.602002160,21.307633104,3,0,0
holdout,syn-clustered-50000-c100-d6-v1,zipf,2,bursty,67108864,COLD,3,3,1.022876418,0.800140198,1.307616052,2,0,1
holdout,syn-clustered-50000-c100-d6-v1,zipf,2,bursty,67108864,FREQ-LRU-REPAIR,3,3,7.312545873,5.738714721,9.317997104,3,0,0
holdout,syn-clustered-50000-c100-d6-v1,zipf,2,repeated-edge,16777216,ADES,3,3,1.097114297,0.867427315,1.387620335,2,1,0
holdout,syn-clustered-50000-c100-d6-v1,zipf,2,repeated-edge,16777216,B3L,3,3,11.986600177,6.050420498,23.746875749,3,0,0
holdout,syn-clustered-50000-c100-d6-v1,zipf,2,repeated-edge,16777216,COLD,3,3,1.033951051,0.861313193,1.241191687,2,0,1
holdout,syn-clustered-50000-c100-d6-v1,zipf,2,repeated-edge,16777216,FREQ-LRU-REPAIR,3,3,6.254626964,4.290075661,9.118803851,3,0,0
holdout,syn-clustered-50000-c100-d6-v1,zipf,2,repeated-edge,67108864,ADES,3,3,1.050381429,0.898684820,1.227684191,2,0,1
holdout,syn-clustered-50000-c100-d6-v1,zipf,2,repeated-edge,67108864,B3L,3,3,10.115128530,4.723130855,21.662712369,3,0,0
holdout,syn-clustered-50000-c100-d6-v1,zipf,2,repeated-edge,67108864,COLD,3,3,1.022228312,0.822342107,1.270700736,2,0,1
holdout,syn-clustered-50000-c100-d6-v1,zipf,2,repeated-edge,67108864,FREQ-LRU-REPAIR,3,3,6.308400264,3.019293683,13.180537593,3,0,0
holdout,syn-clustered-50000-c100-d6-v1,zipf,10,bursty,16777216,ADES,3,3,0.953724969,0.756270326,1.202733051,1,0,2
holdout,syn-clustered-50000-c100-d6-v1,zipf,10,bursty,16777216,B3L,3,3,10.289513632,7.970480792,13.283275318,3,0,0
holdout,syn-clustered-50000-c100-d6-v1,zipf,10,bursty,16777216,COLD,3,3,0.954088624,0.669596154,1.359453900,1,0,2
holdout,syn-clustered-50000-c100-d6-v1,zipf,10,bursty,16777216,FREQ-LRU-REPAIR,3,3,5.966271405,4.409885283,8.071954756,3,0,0
holdout,syn-clustered-50000-c100-d6-v1,zipf,10,bursty,67108864,ADES,3,3,0.908423853,0.619253746,1.332626410,1,0,2
holdout,syn-clustered-50000-c100-d6-v1,zipf,10,bursty,67108864,B3L,3,3,9.352881167,9.031125673,9.686099972,3,0,0
holdout,syn-clustered-50000-c100-d6-v1,zipf,10,bursty,67108864,COLD,3,3,0.877741344,0.574046825,1.342102829,1,0,2
holdout,syn-clustered-50000-c100-d6-v1,zipf,10,bursty,67108864,FREQ-LRU-REPAIR,3,3,6.277885215,3.861570237,10.206170123,3,0,0
holdout,syn-clustered-50000-c100-d6-v1,zipf,10,repeated-edge,16777216,ADES,3,3,0.991341493,0.698688690,1.406574874,2,0,1
holdout,syn-clustered-50000-c100-d6-v1,zipf,10,repeated-edge,16777216,B3L,3,3,9.684666819,6.054943313,15.490280677,3,0,0
holdout,syn-clustered-50000-c100-d6-v1,zipf,10,repeated-edge,16777216,COLD,3,3,1.032650196,0.833349657,1.279614648,2,0,1
holdout,syn-clustered-50000-c100-d6-v1,zipf,10,repeated-edge,16777216,FREQ-LRU-REPAIR,3,3,6.048367356,3.537060852,10.342696719,3,0,0
holdout,syn-clustered-50000-c100-d6-v1,zipf,10,repeated-edge,67108864,ADES,3,3,0.940711558,0.836801825,1.057524266,0,1,2
holdout,syn-clustered-50000-c100-d6-v1,zipf,10,repeated-edge,67108864,B3L,3,3,11.164274613,8.928607668,13.959738434,3,0,0
holdout,syn-clustered-50000-c100-d6-v1,zipf,10,repeated-edge,67108864,COLD,3,3,1.027961509,0.577094953,1.831076255,2,0,1
holdout,syn-clustered-50000-c100-d6-v1,zipf,10,repeated-edge,67108864,FREQ-LRU-REPAIR,3,3,6.741583788,4.248060082,10.698754513,3,0,0
holdout,syn-small-world-50000-k8-r10-v1,hot-pool,2,bursty,16777216,ADES,3,3,0.989900290,0.751924723,1.303192400,1,0,2
holdout,syn-small-world-50000-k8-r10-v1,hot-pool,2,bursty,16777216,B3L,3,3,20.523114299,12.615944790,33.386181339,3,0,0
holdout,syn-small-world-50000-k8-r10-v1,hot-pool,2,bursty,16777216,COLD,3,3,1.015786956,0.851743791,1.211424317,1,1,1
holdout,syn-small-world-50000-k8-r10-v1,hot-pool,2,bursty,16777216,FREQ-LRU-REPAIR,3,3,7.014383363,4.482425299,10.976551909,3,0,0
holdout,syn-small-world-50000-k8-r10-v1,hot-pool,2,bursty,67108864,ADES,3,3,1.032511204,0.727867755,1.464660823,2,0,1
holdout,syn-small-world-50000-k8-r10-v1,hot-pool,2,bursty,67108864,B3L,3,3,20.671158116,17.879715923,23.898409778,3,0,0
holdout,syn-small-world-50000-k8-r10-v1,hot-pool,2,bursty,67108864,COLD,3,3,1.107489162,0.927931605,1.321791646,3,0,0
holdout,syn-small-world-50000-k8-r10-v1,hot-pool,2,bursty,67108864,FREQ-LRU-REPAIR,3,3,7.288032315,6.119415499,8.679818365,3,0,0
holdout,syn-small-world-50000-k8-r10-v1,hot-pool,2,repeated-edge,16777216,ADES,3,3,0.958216364,0.863118500,1.063792052,0,0,3
holdout,syn-small-world-50000-k8-r10-v1,hot-pool,2,repeated-edge,16777216,B3L,3,3,22.008238875,10.342598937,46.831805169,3,0,0
holdout,syn-small-world-50000-k8-r10-v1,hot-pool,2,repeated-edge,16777216,COLD,3,3,1.018133162,0.872464603,1.188122857,2,0,1
holdout,syn-small-world-50000-k8-r10-v1,hot-pool,2,repeated-edge,16777216,FREQ-LRU-REPAIR,3,3,6.721259364,4.789293390,9.432566302,3,0,0
holdout,syn-small-world-50000-k8-r10-v1,hot-pool,2,repeated-edge,67108864,ADES,3,3,0.944806320,0.816824841,1.092840150,0,1,2
holdout,syn-small-world-50000-k8-r10-v1,hot-pool,2,repeated-edge,67108864,B3L,3,3,19.859248917,11.410152230,34.564812071,3,0,0
holdout,syn-small-world-50000-k8-r10-v1,hot-pool,2,repeated-edge,67108864,COLD,3,3,1.014867467,0.884668586,1.164228043,2,0,1
holdout,syn-small-world-50000-k8-r10-v1,hot-pool,2,repeated-edge,67108864,FREQ-LRU-REPAIR,3,3,7.059601267,4.702975484,10.597114575,3,0,0
holdout,syn-small-world-50000-k8-r10-v1,hot-pool,10,bursty,16777216,ADES,3,3,0.942545898,0.855128341,1.038899926,0,0,3
holdout,syn-small-world-50000-k8-r10-v1,hot-pool,10,bursty,16777216,B3L,3,3,21.600170511,15.405770422,30.285234256,3,0,0
holdout,syn-small-world-50000-k8-r10-v1,hot-pool,10,bursty,16777216,COLD,3,3,0.905660023,0.767060896,1.069302425,0,0,3
holdout,syn-small-world-50000-k8-r10-v1,hot-pool,10,bursty,16777216,FREQ-LRU-REPAIR,3,3,6.658530398,5.161639464,8.589524194,3,0,0
holdout,syn-small-world-50000-k8-r10-v1,hot-pool,10,bursty,67108864,ADES,3,3,1.008534942,0.956804901,1.063061788,2,0,1
holdout,syn-small-world-50000-k8-r10-v1,hot-pool,10,bursty,67108864,B3L,3,3,21.529305065,17.356268405,26.705681531,3,0,0
holdout,syn-small-world-50000-k8-r10-v1,hot-pool,10,bursty,67108864,COLD,3,3,1.020385805,0.899570835,1.157426575,2,0,1
holdout,syn-small-world-50000-k8-r10-v1,hot-pool,10,bursty,67108864,FREQ-LRU-REPAIR,3,3,6.819228888,6.287930082,7.395419800,3,0,0
holdout,syn-small-world-50000-k8-r10-v1,hot-pool,10,repeated-edge,16777216,ADES,3,3,0.984317011,0.942887896,1.027566461,0,1,2
holdout,syn-small-world-50000-k8-r10-v1,hot-pool,10,repeated-edge,16777216,B3L,3,3,21.632215815,5.642938783,82.927137633,3,0,0
holdout,syn-small-world-50000-k8-r10-v1,hot-pool,10,repeated-edge,16777216,COLD,3,3,0.984323480,0.909437389,1.065375941,0,2,1
holdout,syn-small-world-50000-k8-r10-v1,hot-pool,10,repeated-edge,16777216,FREQ-LRU-REPAIR,3,3,6.833133316,6.348741045,7.354483444,3,0,0
holdout,syn-small-world-50000-k8-r10-v1,hot-pool,10,repeated-edge,67108864,ADES,3,3,0.992745284,0.846097765,1.164810073,1,1,1
holdout,syn-small-world-50000-k8-r10-v1,hot-pool,10,repeated-edge,67108864,B3L,3,3,17.819096749,5.508524513,57.641607687,3,0,0
holdout,syn-small-world-50000-k8-r10-v1,hot-pool,10,repeated-edge,67108864,COLD,3,3,0.906547939,0.812760480,1.011157883,0,0,3
holdout,syn-small-world-50000-k8-r10-v1,hot-pool,10,repeated-edge,67108864,FREQ-LRU-REPAIR,3,3,7.098544137,5.976486110,8.431263445,3,0,0
holdout,syn-small-world-50000-k8-r10-v1,rotating-hot,2,bursty,16777216,ADES,3,3,1.026612649,0.739041649,1.426081376,2,0,1
holdout,syn-small-world-50000-k8-r10-v1,rotating-hot,2,bursty,16777216,B3L,3,3,7.036026103,5.502885779,8.996309447,3,0,0
holdout,syn-small-world-50000-k8-r10-v1,rotating-hot,2,bursty,16777216,COLD,3,3,1.011122017,0.873214175,1.170809823,2,0,1
holdout,syn-small-world-50000-k8-r10-v1,rotating-hot,2,bursty,16777216,FREQ-LRU-REPAIR,3,3,7.384872993,5.722108355,9.530813772,3,0,0
holdout,syn-small-world-50000-k8-r10-v1,rotating-hot,2,bursty,67108864,ADES,3,3,0.968547605,0.730498213,1.284170782,1,1,1
holdout,syn-small-world-50000-k8-r10-v1,rotating-hot,2,bursty,67108864,B3L,3,3,7.018899233,5.921668998,8.319436034,3,0,0
holdout,syn-small-world-50000-k8-r10-v1,rotating-hot,2,bursty,67108864,COLD,3,3,0.940483454,0.764578616,1.156858311,1,0,2
holdout,syn-small-world-50000-k8-r10-v1,rotating-hot,2,bursty,67108864,FREQ-LRU-REPAIR,3,3,8.168133609,6.948971820,9.601191137,3,0,0
holdout,syn-small-world-50000-k8-r10-v1,rotating-hot,2,repeated-edge,16777216,ADES,3,3,1.037284886,0.718899345,1.496676750,2,0,1
holdout,syn-small-world-50000-k8-r10-v1,rotating-hot,2,repeated-edge,16777216,B3L,3,3,7.395174577,5.744525773,9.520125626,3,0,0
holdout,syn-small-world-50000-k8-r10-v1,rotating-hot,2,repeated-edge,16777216,COLD,3,3,0.974323650,0.805069759,1.179160643,1,0,2
holdout,syn-small-world-50000-k8-r10-v1,rotating-hot,2,repeated-edge,16777216,FREQ-LRU-REPAIR,3,3,7.440163568,5.961275729,9.285937513,3,0,0
holdout,syn-small-world-50000-k8-r10-v1,rotating-hot,2,repeated-edge,67108864,ADES,3,3,1.032162805,1.021775442,1.042655766,3,0,0
holdout,syn-small-world-50000-k8-r10-v1,rotating-hot,2,repeated-edge,67108864,B3L,3,3,7.364519144,5.524808828,9.816836005,3,0,0
holdout,syn-small-world-50000-k8-r10-v1,rotating-hot,2,repeated-edge,67108864,COLD,3,3,1.011962510,0.928293073,1.103173289,1,1,1
holdout,syn-small-world-50000-k8-r10-v1,rotating-hot,2,repeated-edge,67108864,FREQ-LRU-REPAIR,3,3,7.768662948,6.350813799,9.503053609,3,0,0
holdout,syn-small-world-50000-k8-r10-v1,rotating-hot,10,bursty,16777216,ADES,3,3,0.995647388,0.773642978,1.281358133,1,0,2
holdout,syn-small-world-50000-k8-r10-v1,rotating-hot,10,bursty,16777216,B3L,3,3,7.041605531,5.580861822,8.884686638,3,0,0
holdout,syn-small-world-50000-k8-r10-v1,rotating-hot,10,bursty,16777216,COLD,3,3,0.997823243,0.720770172,1.381371293,2,0,1
holdout,syn-small-world-50000-k8-r10-v1,rotating-hot,10,bursty,16777216,FREQ-LRU-REPAIR,3,3,7.759931477,5.621834862,10.711189141,3,0,0
holdout,syn-small-world-50000-k8-r10-v1,rotating-hot,10,bursty,67108864,ADES,3,3,1.072859344,0.556274681,2.069170522,2,0,1
holdout,syn-small-world-50000-k8-r10-v1,rotating-hot,10,bursty,67108864,B3L,3,3,6.896169467,4.399457183,10.809777511,3,0,0
holdout,syn-small-world-50000-k8-r10-v1,rotating-hot,10,bursty,67108864,COLD,3,3,1.025103575,0.586231740,1.792528907,2,0,1
holdout,syn-small-world-50000-k8-r10-v1,rotating-hot,10,bursty,67108864,FREQ-LRU-REPAIR,3,3,7.400515393,4.054004735,13.509512608,3,0,0
holdout,syn-small-world-50000-k8-r10-v1,rotating-hot,10,repeated-edge,16777216,ADES,3,3,1.151501817,0.818042487,1.620889448,3,0,0
holdout,syn-small-world-50000-k8-r10-v1,rotating-hot,10,repeated-edge,16777216,B3L,3,3,7.529518415,5.677750640,9.985230272,3,0,0
holdout,syn-small-world-50000-k8-r10-v1,rotating-hot,10,repeated-edge,16777216,COLD,3,3,1.056288154,0.818170296,1.363707127,2,0,1
holdout,syn-small-world-50000-k8-r10-v1,rotating-hot,10,repeated-edge,16777216,FREQ-LRU-REPAIR,3,3,7.513273901,6.170204369,9.148689626,3,0,0
holdout,syn-small-world-50000-k8-r10-v1,rotating-hot,10,repeated-edge,67108864,ADES,3,3,0.961879227,0.881775671,1.049259668,0,0,3
holdout,syn-small-world-50000-k8-r10-v1,rotating-hot,10,repeated-edge,67108864,B3L,3,3,7.178825891,5.313635121,9.698735424,3,0,0
holdout,syn-small-world-50000-k8-r10-v1,rotating-hot,10,repeated-edge,67108864,COLD,3,3,0.966041076,0.852627256,1.094540848,0,1,2
holdout,syn-small-world-50000-k8-r10-v1,rotating-hot,10,repeated-edge,67108864,FREQ-LRU-REPAIR,3,3,7.159720046,5.321336170,9.633217953,3,0,0
holdout,syn-small-world-50000-k8-r10-v1,zipf,2,bursty,16777216,ADES,3,3,1.041526289,0.799694523,1.356489234,2,0,1
holdout,syn-small-world-50000-k8-r10-v1,zipf,2,bursty,16777216,B3L,3,3,10.846019856,5.948012673,19.777386696,3,0,0
holdout,syn-small-world-50000-k8-r10-v1,zipf,2,bursty,16777216,COLD,3,3,0.992630509,0.783095752,1.258230969,2,0,1
holdout,syn-small-world-50000-k8-r10-v1,zipf,2,bursty,16777216,FREQ-LRU-REPAIR,3,3,7.236430578,6.638534283,7.888176107,3,0,0
holdout,syn-small-world-50000-k8-r10-v1,zipf,2,bursty,67108864,ADES,3,3,0.997906521,0.931550323,1.068989405,1,0,2
holdout,syn-small-world-50000-k8-r10-v1,zipf,2,bursty,67108864,B3L,3,3,10.379587828,6.494206704,16.589531008,3,0,0
holdout,syn-small-world-50000-k8-r10-v1,zipf,2,bursty,67108864,COLD,3,3,1.043631673,0.962667425,1.131405343,3,0,0
holdout,syn-small-world-50000-k8-r10-v1,zipf,2,bursty,67108864,FREQ-LRU-REPAIR,3,3,6.892732472,6.074836712,7.820746989,3,0,0
holdout,syn-small-world-50000-k8-r10-v1,zipf,2,repeated-edge,16777216,ADES,3,3,0.994090434,0.851135696,1.161055512,1,1,1
holdout,syn-small-world-50000-k8-r10-v1,zipf,2,repeated-edge,16777216,B3L,3,3,12.694279815,4.650740494,34.649265042,3,0,0
holdout,syn-small-world-50000-k8-r10-v1,zipf,2,repeated-edge,16777216,COLD,3,3,1.019771965,0.857494079,1.212760399,1,0,2
holdout,syn-small-world-50000-k8-r10-v1,zipf,2,repeated-edge,16777216,FREQ-LRU-REPAIR,3,3,6.798839802,4.732082693,9.768261811,3,0,0
holdout,syn-small-world-50000-k8-r10-v1,zipf,2,repeated-edge,67108864,ADES,3,3,1.025145981,0.919211167,1.143289289,2,0,1
holdout,syn-small-world-50000-k8-r10-v1,zipf,2,repeated-edge,67108864,B3L,3,3,12.445424766,5.860505081,26.429223330,3,0,0
holdout,syn-small-world-50000-k8-r10-v1,zipf,2,repeated-edge,67108864,COLD,3,3,0.986588963,0.846301729,1.150130915,1,0,2
holdout,syn-small-world-50000-k8-r10-v1,zipf,2,repeated-edge,67108864,FREQ-LRU-REPAIR,3,3,6.760153213,4.408578935,10.366077626,3,0,0
holdout,syn-small-world-50000-k8-r10-v1,zipf,10,bursty,16777216,ADES,3,3,1.060788059,0.781782099,1.439366939,2,0,1
holdout,syn-small-world-50000-k8-r10-v1,zipf,10,bursty,16777216,B3L,3,3,12.199678007,9.586559020,15.525084982,3,0,0
holdout,syn-small-world-50000-k8-r10-v1,zipf,10,bursty,16777216,COLD,3,3,0.999096219,0.747246611,1.335828414,2,0,1
holdout,syn-small-world-50000-k8-r10-v1,zipf,10,bursty,16777216,FREQ-LRU-REPAIR,3,3,7.718599121,6.352090921,9.379080548,3,0,0
holdout,syn-small-world-50000-k8-r10-v1,zipf,10,bursty,67108864,ADES,3,3,0.987637627,0.920890756,1.059222363,1,0,2
holdout,syn-small-world-50000-k8-r10-v1,zipf,10,bursty,67108864,B3L,3,3,11.540314693,6.167291524,21.594384292,3,0,0
holdout,syn-small-world-50000-k8-r10-v1,zipf,10,bursty,67108864,COLD,3,3,1.004947075,0.848096964,1.190805611,1,0,2
holdout,syn-small-world-50000-k8-r10-v1,zipf,10,bursty,67108864,FREQ-LRU-REPAIR,3,3,7.118901243,5.235712902,9.679437328,3,0,0
holdout,syn-small-world-50000-k8-r10-v1,zipf,10,repeated-edge,16777216,ADES,3,3,1.126860447,1.038948984,1.222210605,3,0,0
holdout,syn-small-world-50000-k8-r10-v1,zipf,10,repeated-edge,16777216,B3L,3,3,13.159818339,5.150470585,33.624270999,3,0,0
holdout,syn-small-world-50000-k8-r10-v1,zipf,10,repeated-edge,16777216,COLD,3,3,1.070651307,0.930212180,1.232293282,3,0,0
holdout,syn-small-world-50000-k8-r10-v1,zipf,10,repeated-edge,16777216,FREQ-LRU-REPAIR,3,3,7.803840759,7.396331627,8.233802061,3,0,0
holdout,syn-small-world-50000-k8-r10-v1,zipf,10,repeated-edge,67108864,ADES,3,3,0.970320309,0.880278643,1.069572128,0,1,2
holdout,syn-small-world-50000-k8-r10-v1,zipf,10,repeated-edge,67108864,B3L,3,3,11.580771709,4.503165722,29.782220251,3,0,0
holdout,syn-small-world-50000-k8-r10-v1,zipf,10,repeated-edge,67108864,COLD,3,3,0.952107999,0.927706819,0.977150995,0,0,3
holdout,syn-small-world-50000-k8-r10-v1,zipf,10,repeated-edge,67108864,FREQ-LRU-REPAIR,3,3,7.617282657,6.073770224,9.553044144,3,0,0
holdout,syn-uniform-50000-d6-v1,hot-pool,2,bursty,16777216,ADES,3,3,0.993224425,0.906297537,1.088488844,1,1,1
holdout,syn-uniform-50000-d6-v1,hot-pool,2,bursty,16777216,B3L,3,3,24.880822542,12.878366107,48.069399894,3,0,0
holdout,syn-uniform-50000-d6-v1,hot-pool,2,bursty,16777216,COLD,3,3,0.945243528,0.784918473,1.138316090,0,1,2
holdout,syn-uniform-50000-d6-v1,hot-pool,2,bursty,16777216,FREQ-LRU-REPAIR,3,3,8.868037624,5.428233308,14.487603396,3,0,0
holdout,syn-uniform-50000-d6-v1,hot-pool,2,bursty,67108864,ADES,3,3,0.949085691,0.704345906,1.278865456,1,0,2
holdout,syn-uniform-50000-d6-v1,hot-pool,2,bursty,67108864,B3L,3,3,24.392514955,21.443826013,27.746671021,3,0,0
holdout,syn-uniform-50000-d6-v1,hot-pool,2,bursty,67108864,COLD,3,3,1.045609083,0.795641255,1.374109686,1,0,2
holdout,syn-uniform-50000-d6-v1,hot-pool,2,bursty,67108864,FREQ-LRU-REPAIR,3,3,8.119856692,6.340623924,10.398357241,3,0,0
holdout,syn-uniform-50000-d6-v1,hot-pool,2,repeated-edge,16777216,ADES,3,3,1.049311358,0.948337673,1.161036154,2,1,0
holdout,syn-uniform-50000-d6-v1,hot-pool,2,repeated-edge,16777216,B3L,3,3,24.708358711,12.131714542,50.322894436,3,0,0
holdout,syn-uniform-50000-d6-v1,hot-pool,2,repeated-edge,16777216,COLD,3,3,1.047852261,0.937705141,1.170937765,2,1,0
holdout,syn-uniform-50000-d6-v1,hot-pool,2,repeated-edge,16777216,FREQ-LRU-REPAIR,3,3,7.344257537,4.306368353,12.525198579,3,0,0
holdout,syn-uniform-50000-d6-v1,hot-pool,2,repeated-edge,67108864,ADES,3,3,1.013624145,0.950318377,1.081147048,1,2,0
holdout,syn-uniform-50000-d6-v1,hot-pool,2,repeated-edge,67108864,B3L,3,3,21.518954470,14.031271131,33.002384256,3,0,0
holdout,syn-uniform-50000-d6-v1,hot-pool,2,repeated-edge,67108864,COLD,3,3,1.033182881,0.961872788,1.109779671,2,1,0
holdout,syn-uniform-50000-d6-v1,hot-pool,2,repeated-edge,67108864,FREQ-LRU-REPAIR,3,3,7.315225891,4.334835234,12.344766745,3,0,0
holdout,syn-uniform-50000-d6-v1,hot-pool,10,bursty,16777216,ADES,3,3,1.049906814,0.942368140,1.169717303,2,1,0
holdout,syn-uniform-50000-d6-v1,hot-pool,10,bursty,16777216,B3L,3,3,28.113548364,22.768335179,34.713631690,3,0,0
holdout,syn-uniform-50000-d6-v1,hot-pool,10,bursty,16777216,COLD,3,3,1.052102749,0.839193699,1.319028247,2,0,1
holdout,syn-uniform-50000-d6-v1,hot-pool,10,bursty,16777216,FREQ-LRU-REPAIR,3,3,8.436167154,8.127964809,8.756056150,3,0,0
holdout,syn-uniform-50000-d6-v1,hot-pool,10,bursty,67108864,ADES,3,3,1.043706536,0.883829999,1.232503236,1,2,0
holdout,syn-uniform-50000-d6-v1,hot-pool,10,bursty,67108864,B3L,3,3,24.853977451,17.545654269,35.206449736,3,0,0
holdout,syn-uniform-50000-d6-v1,hot-pool,10,bursty,67108864,COLD,3,3,0.993324130,0.851809564,1.158349083,1,0,2
holdout,syn-uniform-50000-d6-v1,hot-pool,10,bursty,67108864,FREQ-LRU-REPAIR,3,3,8.035213311,6.402069436,10.084966055,3,0,0
holdout,syn-uniform-50000-d6-v1,hot-pool,10,repeated-edge,16777216,ADES,3,3,0.934567386,0.770347284,1.133795389,0,0,3
holdout,syn-uniform-50000-d6-v1,hot-pool,10,repeated-edge,16777216,B3L,3,3,22.538957699,7.540997640,67.365703906,3,0,0
holdout,syn-uniform-50000-d6-v1,hot-pool,10,repeated-edge,16777216,COLD,3,3,0.990245415,0.797505817,1.229565932,1,0,2
holdout,syn-uniform-50000-d6-v1,hot-pool,10,repeated-edge,16777216,FREQ-LRU-REPAIR,3,3,7.483287819,4.816332545,11.627020365,3,0,0
holdout,syn-uniform-50000-d6-v1,hot-pool,10,repeated-edge,67108864,ADES,3,3,1.046399414,0.785282548,1.394341104,2,0,1
holdout,syn-uniform-50000-d6-v1,hot-pool,10,repeated-edge,67108864,B3L,3,3,21.228970154,11.130626308,40.489111871,3,0,0
holdout,syn-uniform-50000-d6-v1,hot-pool,10,repeated-edge,67108864,COLD,3,3,0.971325965,0.711160197,1.326668920,1,0,2
holdout,syn-uniform-50000-d6-v1,hot-pool,10,repeated-edge,67108864,FREQ-LRU-REPAIR,3,3,7.232556570,3.960817681,13.206837265,3,0,0
holdout,syn-uniform-50000-d6-v1,rotating-hot,2,bursty,16777216,ADES,3,3,1.035766068,0.975598844,1.099643931,3,0,0
holdout,syn-uniform-50000-d6-v1,rotating-hot,2,bursty,16777216,B3L,3,3,8.694263294,6.431578406,11.752980288,3,0,0
holdout,syn-uniform-50000-d6-v1,rotating-hot,2,bursty,16777216,COLD,3,3,1.003584174,0.984802245,1.022724307,0,3,0
holdout,syn-uniform-50000-d6-v1,rotating-hot,2,bursty,16777216,FREQ-LRU-REPAIR,3,3,9.182570444,6.333243170,13.313810587,3,0,0
holdout,syn-uniform-50000-d6-v1,rotating-hot,2,bursty,67108864,ADES,3,3,1.010562481,0.630587115,1.619501104,2,0,1
holdout,syn-uniform-50000-d6-v1,rotating-hot,2,bursty,67108864,B3L,3,3,8.671057508,5.512083556,13.640438782,3,0,0
holdout,syn-uniform-50000-d6-v1,rotating-hot,2,bursty,67108864,COLD,3,3,0.973948079,0.781804976,1.213313921,2,0,1
holdout,syn-uniform-50000-d6-v1,rotating-hot,2,bursty,67108864,FREQ-LRU-REPAIR,3,3,8.535867500,6.972692598,10.449483173,3,0,0
holdout,syn-uniform-50000-d6-v1,rotating-hot,2,repeated-edge,16777216,ADES,3,3,0.885569972,0.739148626,1.060996595,0,0,3
holdout,syn-uniform-50000-d6-v1,rotating-hot,2,repeated-edge,16777216,B3L,3,3,7.347621558,5.855132903,9.220549466,3,0,0
holdout,syn-uniform-50000-d6-v1,rotating-hot,2,repeated-edge,16777216,COLD,3,3,0.997142105,0.714391611,1.391802985,2,0,1
holdout,syn-uniform-50000-d6-v1,rotating-hot,2,repeated-edge,16777216,FREQ-LRU-REPAIR,3,3,7.673547563,6.953261484,8.468447842,3,0,0
holdout,syn-uniform-50000-d6-v1,rotating-hot,2,repeated-edge,67108864,ADES,3,3,0.909975376,0.573324367,1.444304888,1,0,2
holdout,syn-uniform-50000-d6-v1,rotating-hot,2,repeated-edge,67108864,B3L,3,3,7.619455222,3.984295453,14.571233121,3,0,0
holdout,syn-uniform-50000-d6-v1,rotating-hot,2,repeated-edge,67108864,COLD,3,3,0.863204355,0.744276760,1.001135327,0,0,3
holdout,syn-uniform-50000-d6-v1,rotating-hot,2,repeated-edge,67108864,FREQ-LRU-REPAIR,3,3,7.665798692,3.927306578,14.963046154,3,0,0
holdout,syn-uniform-50000-d6-v1,rotating-hot,10,bursty,16777216,ADES,3,3,1.075962298,0.875354861,1.322543483,2,0,1
holdout,syn-uniform-50000-d6-v1,rotating-hot,10,bursty,16777216,B3L,3,3,8.532532749,6.602637204,11.026520596,3,0,0
holdout,syn-uniform-50000-d6-v1,rotating-hot,10,bursty,16777216,COLD,3,3,0.967800632,0.623858126,1.501363891,2,0,1
holdout,syn-uniform-50000-d6-v1,rotating-hot,10,bursty,16777216,FREQ-LRU-REPAIR,3,3,8.511589440,5.535591748,13.087517668,3,0,0
holdout,syn-uniform-50000-d6-v1,rotating-hot,10,bursty,67108864,ADES,3,3,0.988108604,0.775419811,1.259135504,1,0,2
holdout,syn-uniform-50000-d6-v1,rotating-hot,10,bursty,67108864,B3L,3,3,8.070648228,7.166318992,9.089096214,3,0,0
holdout,syn-uniform-50000-d6-v1,rotating-hot,10,bursty,67108864,COLD,3,3,1.032253323,0.778583513,1.368571135,1,1,1
holdout,syn-uniform-50000-d6-v1,rotating-hot,10,bursty,67108864,FREQ-LRU-REPAIR,3,3,8.950299089,5.675473173,14.114744505,3,0,0
holdout,syn-uniform-50000-d6-v1,rotating-hot,10,repeated-edge,16777216,ADES,3,3,0.957996316,0.797815684,1.150337051,1,0,2
holdout,syn-uniform-50000-d6-v1,rotating-hot,10,repeated-edge,16777216,B3L,3,3,8.247946403,6.363612337,10.690252056,3,0,0
holdout,syn-uniform-50000-d6-v1,rotating-hot,10,repeated-edge,16777216,COLD,3,3,1.083823349,0.704606133,1.667134297,2,0,1
holdout,syn-uniform-50000-d6-v1,rotating-hot,10,repeated-edge,16777216,FREQ-LRU-REPAIR,3,3,8.145556412,7.061507301,9.396023600,3,0,0
holdout,syn-uniform-50000-d6-v1,rotating-hot,10,repeated-edge,67108864,ADES,3,3,0.971952725,0.706301284,1.337520008,1,0,2
holdout,syn-uniform-50000-d6-v1,rotating-hot,10,repeated-edge,67108864,B3L,3,3,9.845321602,9.273306660,10.452620732,3,0,0
holdout,syn-uniform-50000-d6-v1,rotating-hot,10,repeated-edge,67108864,COLD,3,3,1.077825807,0.792146541,1.466532277,2,0,1
holdout,syn-uniform-50000-d6-v1,rotating-hot,10,repeated-edge,67108864,FREQ-LRU-REPAIR,3,3,9.259654715,8.429819211,10.171179630,3,0,0
holdout,syn-uniform-50000-d6-v1,zipf,2,bursty,16777216,ADES,3,3,0.968392375,0.703116420,1.333753225,2,0,1
holdout,syn-uniform-50000-d6-v1,zipf,2,bursty,16777216,B3L,3,3,10.895077231,4.933846818,24.058855543,3,0,0
holdout,syn-uniform-50000-d6-v1,zipf,2,bursty,16777216,COLD,3,3,0.991781623,0.592112025,1.661224137,2,0,1
holdout,syn-uniform-50000-d6-v1,zipf,2,bursty,16777216,FREQ-LRU-REPAIR,3,3,7.800090154,3.162846088,19.236284255,3,0,0
holdout,syn-uniform-50000-d6-v1,zipf,2,bursty,67108864,ADES,3,3,0.960959038,0.706918681,1.306292078,2,0,1
holdout,syn-uniform-50000-d6-v1,zipf,2,bursty,67108864,B3L,3,3,11.985618986,8.399626713,17.102553170,3,0,0
holdout,syn-uniform-50000-d6-v1,zipf,2,bursty,67108864,COLD,3,3,0.943292673,0.749283941,1.187535216,1,0,2
holdout,syn-uniform-50000-d6-v1,zipf,2,bursty,67108864,FREQ-LRU-REPAIR,3,3,8.124581828,4.753278715,13.887010176,3,0,0
holdout,syn-uniform-50000-d6-v1,zipf,2,repeated-edge,16777216,ADES,3,3,0.943491434,0.898284849,0.990973061,0,0,3
holdout,syn-uniform-50000-d6-v1,zipf,2,repeated-edge,16777216,B3L,3,3,14.334621000,4.869942748,42.193793610,3,0,0
holdout,syn-uniform-50000-d6-v1,zipf,2,repeated-edge,16777216,COLD,3,3,0.955864118,0.866367893,1.054605347,0,1,2
holdout,syn-uniform-50000-d6-v1,zipf,2,repeated-edge,16777216,FREQ-LRU-REPAIR,3,3,8.006743750,6.358713150,10.081905562,3,0,0
holdout,syn-uniform-50000-d6-v1,zipf,2,repeated-edge,67108864,ADES,3,3,0.980509437,0.924524276,1.039884815,0,2,1
holdout,syn-uniform-50000-d6-v1,zipf,2,repeated-edge,67108864,B3L,3,3,14.090552437,5.297674387,37.477514374,3,0,0
holdout,syn-uniform-50000-d6-v1,zipf,2,repeated-edge,67108864,COLD,3,3,0.969860606,0.803085515,1.171269533,1,0,2
holdout,syn-uniform-50000-d6-v1,zipf,2,repeated-edge,67108864,FREQ-LRU-REPAIR,3,3,7.238370726,5.129594081,10.214065664,3,0,0
holdout,syn-uniform-50000-d6-v1,zipf,10,bursty,16777216,ADES,3,3,1.054813328,0.786243277,1.415123271,2,0,1
holdout,syn-uniform-50000-d6-v1,zipf,10,bursty,16777216,B3L,3,3,14.692996168,9.546042162,22.615041161,3,0,0
holdout,syn-uniform-50000-d6-v1,zipf,10,bursty,16777216,COLD,3,3,1.100189920,0.878758856,1.377417538,3,0,0
holdout,syn-uniform-50000-d6-v1,zipf,10,bursty,16777216,FREQ-LRU-REPAIR,3,3,8.591841049,6.355972368,11.614231203,3,0,0
holdout,syn-uniform-50000-d6-v1,zipf,10,bursty,67108864,ADES,3,3,0.975396325,0.748315215,1.271386673,1,1,1
holdout,syn-uniform-50000-d6-v1,zipf,10,bursty,67108864,B3L,3,3,12.868122050,8.122772321,20.385720359,3,0,0
holdout,syn-uniform-50000-d6-v1,zipf,10,bursty,67108864,COLD,3,3,1.003601692,0.680276474,1.480598544,1,1,1
holdout,syn-uniform-50000-d6-v1,zipf,10,bursty,67108864,FREQ-LRU-REPAIR,3,3,7.776515565,4.423119913,13.672293657,3,0,0
holdout,syn-uniform-50000-d6-v1,zipf,10,repeated-edge,16777216,ADES,3,3,0.962575363,0.790078203,1.172733695,1,0,2
holdout,syn-uniform-50000-d6-v1,zipf,10,repeated-edge,16777216,B3L,3,3,13.546909615,4.463644709,41.114105641,3,0,0
holdout,syn-uniform-50000-d6-v1,zipf,10,repeated-edge,16777216,COLD,3,3,0.976129531,0.918950956,1.036865846,0,1,2
holdout,syn-uniform-50000-d6-v1,zipf,10,repeated-edge,16777216,FREQ-LRU-REPAIR,3,3,8.438115438,7.891602349,9.022475917,3,0,0
holdout,syn-uniform-50000-d6-v1,zipf,10,repeated-edge,67108864,ADES,3,3,0.970072187,0.827720834,1.136905114,1,0,2
holdout,syn-uniform-50000-d6-v1,zipf,10,repeated-edge,67108864,B3L,3,3,12.776303075,6.103363808,26.744910740,3,0,0
holdout,syn-uniform-50000-d6-v1,zipf,10,repeated-edge,67108864,COLD,3,3,0.908430598,0.725437781,1.137583641,0,0,3
holdout,syn-uniform-50000-d6-v1,zipf,10,repeated-edge,67108864,FREQ-LRU-REPAIR,3,3,7.830601022,7.196229746,8.520894209,3,0,0
