phase,graph_id,family,update_interval,update_mode,budget_bytes,profile,samples,median_algorithm_ns,median_query_ns,median_update_ns,median_peak_rss_kb,median_peak_accounted_bytes
development,ny-road-distance,churn,5,strict-alternating,16777216,ADES,6,1201487596,1201404011,29710,110318,11631416
development,ny-road-distance,churn,5,strict-alternating,16777216,ADES-V2,6,826382325,826254955,84634,110302,11633356
development,ny-road-distance,churn,5,strict-alternating,16777216,B3L,6,3552270056,3552215620,23173,117026,11631240
development,ny-road-distance,churn,5,strict-alternating,16777216,COLD,6,990728748,990716815,10215,98572,0
development,ny-road-distance,churn,5,strict-alternating,16777216,FREQ-LRU-REPAIR,6,1576110719,1576018245,32795,110334,11631380
development,ny-road-distance,churn,5,strict-alternating,67108864,ADES,6,580910153,580446099,157725,140278,46525328
development,ny-road-distance,churn,5,strict-alternating,67108864,ADES-V2,6,455235953,454337234,172134,140270,46527328
development,ny-road-distance,churn,5,strict-alternating,67108864,B3L,6,255824938,254893798,858613,139268,46524960
development,ny-road-distance,churn,5,strict-alternating,67108864,COLD,6,992803742,992791249,11045,97504,0
development,ny-road-distance,churn,5,strict-alternating,67108864,FREQ-LRU-REPAIR,6,560207262,559720726,177857,140262,46525328
development,ny-road-distance,churn,50,strict-alternating,16777216,ADES,6,1188807888,1188806164,1723,110282,11631416
development,ny-road-distance,churn,50,strict-alternating,16777216,ADES-V2,6,820567820,820550552,12618,109828,11633356
development,ny-road-distance,churn,50,strict-alternating,16777216,B3L,6,3525221731,3525221115,696,116608,11631240
development,ny-road-distance,churn,50,strict-alternating,16777216,COLD,6,1005509160,1005507832,1277,98016,0
development,ny-road-distance,churn,50,strict-alternating,16777216,FREQ-LRU-REPAIR,6,1593482223,1593480700,1573,109846,11631380
development,ny-road-distance,churn,50,strict-alternating,67108864,ADES,6,558212475,558174870,37605,140240,46525328
development,ny-road-distance,churn,50,strict-alternating,67108864,ADES-V2,6,485829033,485781660,37640,140252,46527328
development,ny-road-distance,churn,50,strict-alternating,67108864,B3L,6,255357934,255357408,34985,139298,46524960
development,ny-road-distance,churn,50,strict-alternating,67108864,COLD,6,999201663,999200341,1131,97438,0
development,ny-road-distance,churn,50,strict-alternating,67108864,FREQ-LRU-REPAIR,6,526867443,526828190,37419,139798,46525328
development,ny-road-distance,single-hot,5,strict-alternating,16777216,ADES,6,161246978,161213798,30666,110356,11631364
development,ny-road-distance,single-hot,5,strict-alternating,16777216,ADES-V2,6,129495454,129479913,28102,109876,11633224
development,ny-road-distance,single-hot,5,strict-alternating,16777216,B3L,6,299674725,299661512,19026,117098,11631240
development,ny-road-distance,single-hot,5,strict-alternating,16777216,COLD,6,822362842,822353480,9362,97524,0
development,ny-road-distance,single-hot,5,strict-alternating,16777216,FREQ-LRU-REPAIR,6,154491494,154475350,31058,110336,11631364
development,ny-road-distance,single-hot,5,strict-alternating,67108864,ADES,6,152937492,152908028,24436,109792,11631364
development,ny-road-distance,single-hot,5,strict-alternating,67108864,ADES-V2,6,132005733,131990357,27757,109810,11633224
development,ny-road-distance,single-hot,5,strict-alternating,67108864,B3L,6,189748791,189682141,66650,127418,34893720
development,ny-road-distance,single-hot,5,strict-alternating,67108864,COLD,6,828400949,828390109,9647,98512,0
development,ny-road-distance,single-hot,5,strict-alternating,67108864,FREQ-LRU-REPAIR,6,151770680,151741419,27681,110472,11631364
development,ny-road-distance,single-hot,50,strict-alternating,16777216,ADES,6,148315237,148314015,2760,109804,11631364
development,ny-road-distance,single-hot,50,strict-alternating,16777216,ADES-V2,6,129392782,129389646,3136,110892,11633224
development,ny-road-distance,single-hot,50,strict-alternating,16777216,B3L,6,291130198,291127113,2004,116110,11631240
development,ny-road-distance,single-hot,50,strict-alternating,16777216,COLD,6,721369066,721368104,1006,97510,0
development,ny-road-distance,single-hot,50,strict-alternating,16777216,FREQ-LRU-REPAIR,6,149721138,149719971,2664,110928,11631364
development,ny-road-distance,single-hot,50,strict-alternating,67108864,ADES,6,149736956,149734953,2734,110836,11631364
development,ny-road-distance,single-hot,50,strict-alternating,67108864,ADES-V2,6,125236436,125233325,2539,110880,11633224
development,ny-road-distance,single-hot,50,strict-alternating,67108864,B3L,6,182882461,182879325,4518,127890,34893720
development,ny-road-distance,single-hot,50,strict-alternating,67108864,COLD,6,720763895,720762563,1162,97478,0
development,ny-road-distance,single-hot,50,strict-alternating,67108864,FREQ-LRU-REPAIR,6,156417014,156415821,2900,109786,11631364
development,ny-road-distance,uniform,5,strict-alternating,16777216,ADES,6,953281941,953275224,5651,99996,960
development,ny-road-distance,uniform,5,strict-alternating,16777216,ADES-V2,6,908548549,908542993,5960,97542,1856
development,ny-road-distance,uniform,5,strict-alternating,16777216,B3L,6,3374372740,3374348469,19711,117020,11631240
development,ny-road-distance,uniform,5,strict-alternating,16777216,COLD,6,928501416,928492214,9608,97524,0
development,ny-road-distance,uniform,5,strict-alternating,16777216,FREQ-LRU-REPAIR,6,972011891,972005960,6317,99928,960
development,ny-road-distance,uniform,5,strict-alternating,67108864,ADES,6,968819948,968812988,7063,99564,960
development,ny-road-distance,uniform,5,strict-alternating,67108864,ADES-V2,6,944721734,944715972,6053,98542,1856
development,ny-road-distance,uniform,5,strict-alternating,67108864,B3L,6,3377667271,3377621642,54794,162558,58156200
development,ny-road-distance,uniform,5,strict-alternating,67108864,COLD,6,955522102,955512866,9130,97538,0
development,ny-road-distance,uniform,5,strict-alternating,67108864,FREQ-LRU-REPAIR,6,940562996,940556885,5760,100040,960
development,ny-road-distance,uniform,50,strict-alternating,16777216,ADES,6,1034574431,1034573886,516,100034,960
development,ny-road-distance,uniform,50,strict-alternating,16777216,ADES-V2,6,1051010309,1051009788,671,97484,1856
development,ny-road-distance,uniform,50,strict-alternating,16777216,B3L,6,3353070381,3353069805,561,117094,11631240
development,ny-road-distance,uniform,50,strict-alternating,16777216,COLD,6,1042507382,1042506335,1122,98576,0
development,ny-road-distance,uniform,50,strict-alternating,16777216,FREQ-LRU-REPAIR,6,1037737398,1037736857,596,100454,960
development,ny-road-distance,uniform,50,strict-alternating,67108864,ADES,6,956287573,956286732,656,100048,960
development,ny-road-distance,uniform,50,strict-alternating,67108864,ADES-V2,6,976209294,976208758,536,97968,1856
development,ny-road-distance,uniform,50,strict-alternating,67108864,B3L,6,3364941445,3364940534,977,161550,58156200
development,ny-road-distance,uniform,50,strict-alternating,67108864,COLD,6,978157047,978156045,921,97980,0
development,ny-road-distance,uniform,50,strict-alternating,67108864,FREQ-LRU-REPAIR,6,981787342,981786551,716,99530,960
development,syn-grid-224x224-v1,churn,5,strict-alternating,16777216,ADES,6,127331878,127278582,714191,33458,8831408
development,syn-grid-224x224-v1,churn,5,strict-alternating,16777216,ADES-V2,6,121303846,115602730,948963,33034,8833408
development,syn-grid-224x224-v1,churn,5,strict-alternating,16777216,B3L,6,50050932,49935206,649926,33198,8831040
development,syn-grid-224x224-v1,churn,5,strict-alternating,16777216,COLD,6,219701951,219694929,7022,25118,0
development,syn-grid-224x224-v1,churn,5,strict-alternating,16777216,FREQ-LRU-REPAIR,6,120750362,117835652,750583,33374,8831408
development,syn-grid-224x224-v1,churn,5,strict-alternating,67108864,ADES,6,125627851,117664279,666512,33064,8831408
development,syn-grid-224x224-v1,churn,5,strict-alternating,67108864,ADES-V2,6,126223792,111515527,997144,33008,8833408
development,syn-grid-224x224-v1,churn,5,strict-alternating,67108864,B3L,6,51490870,50858337,632533,33052,8831040
development,syn-grid-224x224-v1,churn,5,strict-alternating,67108864,COLD,6,207220952,207214370,6582,25002,0
development,syn-grid-224x224-v1,churn,5,strict-alternating,67108864,FREQ-LRU-REPAIR,6,121369636,115799257,628622,33336,8831408
development,syn-grid-224x224-v1,churn,50,strict-alternating,16777216,ADES,6,115680513,115676250,5991,33062,8831408
development,syn-grid-224x224-v1,churn,50,strict-alternating,16777216,ADES-V2,6,102795990,102792634,4513,32460,7729486
development,syn-grid-224x224-v1,churn,50,strict-alternating,16777216,B3L,6,50069548,50066828,4769,32924,8831040
development,syn-grid-224x224-v1,churn,50,strict-alternating,16777216,COLD,6,198338462,198337691,741,25266,0
development,syn-grid-224x224-v1,churn,50,strict-alternating,16777216,FREQ-LRU-REPAIR,6,116966029,116959106,6777,33326,8831408
development,syn-grid-224x224-v1,churn,50,strict-alternating,67108864,ADES,6,120745859,120738906,6226,33030,8831408
development,syn-grid-224x224-v1,churn,50,strict-alternating,67108864,ADES-V2,6,108599206,108595089,5520,32464,7729486
development,syn-grid-224x224-v1,churn,50,strict-alternating,67108864,B3L,6,50112049,50109184,5185,33178,8831040
development,syn-grid-224x224-v1,churn,50,strict-alternating,67108864,COLD,6,190861803,190861167,696,25132,0
development,syn-grid-224x224-v1,churn,50,strict-alternating,67108864,FREQ-LRU-REPAIR,6,115316746,115310294,6452,33334,8831408
development,syn-grid-224x224-v1,single-hot,5,strict-alternating,16777216,ADES,6,39677783,39659439,18344,27438,2207884
development,syn-grid-224x224-v1,single-hot,5,strict-alternating,16777216,ADES-V2,6,24005562,23969574,32526,27406,2209744
development,syn-grid-224x224-v1,single-hot,5,strict-alternating,16777216,B3L,6,36473054,36388583,48185,30880,6623280
development,syn-grid-224x224-v1,single-hot,5,strict-alternating,16777216,COLD,6,209822978,209816155,6448,25000,0
development,syn-grid-224x224-v1,single-hot,5,strict-alternating,16777216,FREQ-LRU-REPAIR,6,36999817,36983007,37445,27304,2207884
development,syn-grid-224x224-v1,single-hot,5,strict-alternating,67108864,ADES,6,39756456,39737641,18815,27426,2207884
development,syn-grid-224x224-v1,single-hot,5,strict-alternating,67108864,ADES-V2,6,22475998,22443169,32411,27566,2209744
development,syn-grid-224x224-v1,single-hot,5,strict-alternating,67108864,B3L,6,39517205,39427502,46830,30870,6623280
development,syn-grid-224x224-v1,single-hot,5,strict-alternating,67108864,COLD,6,199932472,199926472,5932,25124,0
development,syn-grid-224x224-v1,single-hot,5,strict-alternating,67108864,FREQ-LRU-REPAIR,6,39681258,39663293,31999,27556,2207884
development,syn-grid-224x224-v1,single-hot,50,strict-alternating,16777216,ADES,6,39516015,39514518,1247,27546,2207884
development,syn-grid-224x224-v1,single-hot,50,strict-alternating,16777216,ADES-V2,6,23900342,23899250,1272,27436,2209744
development,syn-grid-224x224-v1,single-hot,50,strict-alternating,16777216,B3L,6,40039965,40039574,716,30756,6623280
development,syn-grid-224x224-v1,single-hot,50,strict-alternating,16777216,COLD,6,196285983,196284997,952,25014,0
development,syn-grid-224x224-v1,single-hot,50,strict-alternating,16777216,FREQ-LRU-REPAIR,6,37946025,37945073,1032,27574,2207884
development,syn-grid-224x224-v1,single-hot,50,strict-alternating,67108864,ADES,6,37827740,37826763,1222,27420,2207884
development,syn-grid-224x224-v1,single-hot,50,strict-alternating,67108864,ADES-V2,6,25498216,25496949,1252,27262,2209744
development,syn-grid-224x224-v1,single-hot,50,strict-alternating,67108864,B3L,6,45080258,45079843,682,30716,6623280
development,syn-grid-224x224-v1,single-hot,50,strict-alternating,67108864,COLD,6,214088232,214087396,861,25186,0
development,syn-grid-224x224-v1,single-hot,50,strict-alternating,67108864,FREQ-LRU-REPAIR,6,39142479,39141512,1137,27294,2207884
development,syn-grid-224x224-v1,uniform,5,strict-alternating,16777216,ADES,6,214286003,214281247,5328,25660,960
development,syn-grid-224x224-v1,uniform,5,strict-alternating,16777216,ADES-V2,6,205793314,205788265,4924,25114,1856
development,syn-grid-224x224-v1,uniform,5,strict-alternating,16777216,B3L,6,680684695,680431048,189768,41608,15454320
development,syn-grid-224x224-v1,uniform,5,strict-alternating,16777216,COLD,6,215119611,215113371,6531,25136,0
development,syn-grid-224x224-v1,uniform,5,strict-alternating,16777216,FREQ-LRU-REPAIR,6,216211080,216205755,5310,25652,960
development,syn-grid-224x224-v1,uniform,5,strict-alternating,67108864,ADES,6,217611582,217606451,5315,25658,960
development,syn-grid-224x224-v1,uniform,5,strict-alternating,67108864,ADES-V2,6,210560576,210555601,5196,25104,1856
development,syn-grid-224x224-v1,uniform,5,strict-alternating,67108864,B3L,6,711495134,710516022,979111,91580,66232800
development,syn-grid-224x224-v1,uniform,5,strict-alternating,67108864,COLD,6,203764487,203758922,6082,25134,0
development,syn-grid-224x224-v1,uniform,5,strict-alternating,67108864,FREQ-LRU-REPAIR,6,212914779,212909540,5284,25502,960
development,syn-grid-224x224-v1,uniform,50,strict-alternating,16777216,ADES,6,217533146,217532425,636,25636,960
development,syn-grid-224x224-v1,uniform,50,strict-alternating,16777216,ADES-V2,6,248172932,248172241,616,25214,1856
development,syn-grid-224x224-v1,uniform,50,strict-alternating,16777216,B3L,6,805474579,805473352,1292,41850,15454320
development,syn-grid-224x224-v1,uniform,50,strict-alternating,16777216,COLD,6,239276128,239275126,986,25266,0
development,syn-grid-224x224-v1,uniform,50,strict-alternating,16777216,FREQ-LRU-REPAIR,6,220635233,220634316,736,25506,960
development,syn-grid-224x224-v1,uniform,50,strict-alternating,67108864,ADES,6,223440742,223439870,731,25638,960
development,syn-grid-224x224-v1,uniform,50,strict-alternating,67108864,ADES-V2,6,221499130,221498474,646,25272,1856
development,syn-grid-224x224-v1,uniform,50,strict-alternating,67108864,B3L,6,808051722,808017092,3377,91302,66232800
development,syn-grid-224x224-v1,uniform,50,strict-alternating,67108864,COLD,6,232975881,232974864,916,25162,0
development,syn-grid-224x224-v1,uniform,50,strict-alternating,67108864,FREQ-LRU-REPAIR,6,219470665,219469719,751,25338,960
development,syn-scale-free-50000-m4-v1,churn,5,strict-alternating,16777216,ADES,6,109688187,109675894,9332,45642,4400248
development,syn-scale-free-50000-m4-v1,churn,5,strict-alternating,16777216,ADES-V2,6,71197778,71193340,4212,41634,2032
development,syn-scale-free-50000-m4-v1,churn,5,strict-alternating,16777216,B3L,6,112819676,112807629,9869,50086,8800064
development,syn-scale-free-50000-m4-v1,churn,5,strict-alternating,16777216,COLD,6,77477209,77471297,4754,42106,0
development,syn-scale-free-50000-m4-v1,churn,5,strict-alternating,16777216,FREQ-LRU-REPAIR,6,136226901,136201969,20607,50116,8800432
development,syn-scale-free-50000-m4-v1,churn,5,strict-alternating,67108864,ADES,6,110879981,110867572,7959,46284,4400248
development,syn-scale-free-50000-m4-v1,churn,5,strict-alternating,67108864,ADES-V2,6,69968206,69964268,4248,42792,2032
development,syn-scale-free-50000-m4-v1,churn,5,strict-alternating,67108864,B3L,6,119138889,119129643,10580,50112,8800064
development,syn-scale-free-50000-m4-v1,churn,5,strict-alternating,67108864,COLD,6,65943174,65939297,4299,42634,0
development,syn-scale-free-50000-m4-v1,churn,5,strict-alternating,67108864,FREQ-LRU-REPAIR,6,136584496,136559830,21009,49366,8800432
development,syn-scale-free-50000-m4-v1,churn,50,strict-alternating,16777216,ADES,6,103729568,103727764,1803,46270,4400248
development,syn-scale-free-50000-m4-v1,churn,50,strict-alternating,16777216,ADES-V2,6,76185482,76185006,526,41480,2032
development,syn-scale-free-50000-m4-v1,churn,50,strict-alternating,16777216,B3L,6,115119308,115111454,7238,50188,8800064
development,syn-scale-free-50000-m4-v1,churn,50,strict-alternating,16777216,COLD,6,82814942,82814331,661,42538,0
development,syn-scale-free-50000-m4-v1,churn,50,strict-alternating,16777216,FREQ-LRU-REPAIR,6,131500420,131492525,7894,49936,8800432
development,syn-scale-free-50000-m4-v1,churn,50,strict-alternating,67108864,ADES,6,109585737,109584169,1568,46280,4400248
development,syn-scale-free-50000-m4-v1,churn,50,strict-alternating,67108864,ADES-V2,6,74314664,74314228,486,42670,2032
development,syn-scale-free-50000-m4-v1,churn,50,strict-alternating,67108864,B3L,6,117358605,117350505,7449,50504,8800064
development,syn-scale-free-50000-m4-v1,churn,50,strict-alternating,67108864,COLD,6,70385648,70384932,791,42468,0
development,syn-scale-free-50000-m4-v1,churn,50,strict-alternating,67108864,FREQ-LRU-REPAIR,6,126870712,126862306,7639,50516,8800432
development,syn-scale-free-50000-m4-v1,single-hot,5,strict-alternating,16777216,ADES,6,47670692,47659943,7588,44120,2200140
development,syn-scale-free-50000-m4-v1,single-hot,5,strict-alternating,16777216,ADES-V2,6,37798080,37785937,7559,43750,2202000
development,syn-scale-free-50000-m4-v1,single-hot,5,strict-alternating,16777216,B3L,6,89671702,89659529,12173,47980,6600048
development,syn-scale-free-50000-m4-v1,single-hot,5,strict-alternating,16777216,COLD,6,59498991,59495030,4498,42350,0
development,syn-scale-free-50000-m4-v1,single-hot,5,strict-alternating,16777216,FREQ-LRU-REPAIR,6,42207322,42194198,9368,43756,2200140
development,syn-scale-free-50000-m4-v1,single-hot,5,strict-alternating,67108864,ADES,6,45671469,45661621,7818,43398,2200140
development,syn-scale-free-50000-m4-v1,single-hot,5,strict-alternating,67108864,ADES-V2,6,37164762,37152344,7033,44086,2202000
development,syn-scale-free-50000-m4-v1,single-hot,5,strict-alternating,67108864,B3L,6,83190910,83179599,11311,47750,6600048
development,syn-scale-free-50000-m4-v1,single-hot,5,strict-alternating,67108864,COLD,6,60945264,60940875,4610,42538,0
development,syn-scale-free-50000-m4-v1,single-hot,5,strict-alternating,67108864,FREQ-LRU-REPAIR,6,41848235,41836195,7499,43412,2200140
development,syn-scale-free-50000-m4-v1,single-hot,50,strict-alternating,16777216,ADES,6,50833952,50832774,1152,44182,2200140
development,syn-scale-free-50000-m4-v1,single-hot,50,strict-alternating,16777216,ADES-V2,6,35976140,35975168,1037,43790,2202000
development,syn-scale-free-50000-m4-v1,single-hot,50,strict-alternating,16777216,B3L,6,91343995,91343424,636,48050,6600048
development,syn-scale-free-50000-m4-v1,single-hot,50,strict-alternating,16777216,COLD,6,65600570,65599748,946,41750,0
development,syn-scale-free-50000-m4-v1,single-hot,50,strict-alternating,16777216,FREQ-LRU-REPAIR,6,47899130,47897943,1177,44088,2200140
development,syn-scale-free-50000-m4-v1,single-hot,50,strict-alternating,67108864,ADES,6,52365903,52364810,1087,44092,2200140
development,syn-scale-free-50000-m4-v1,single-hot,50,strict-alternating,67108864,ADES-V2,6,37245173,37244181,1062,43846,2202000
development,syn-scale-free-50000-m4-v1,single-hot,50,strict-alternating,67108864,B3L,6,84332402,84331325,1077,47722,6600048
development,syn-scale-free-50000-m4-v1,single-hot,50,strict-alternating,67108864,COLD,6,68582708,68581861,881,42248,0
development,syn-scale-free-50000-m4-v1,single-hot,50,strict-alternating,67108864,FREQ-LRU-REPAIR,6,47248642,47247414,1112,43784,2200140
development,syn-scale-free-50000-m4-v1,uniform,5,strict-alternating,16777216,ADES,6,73234821,73229516,4453,41940,960
development,syn-scale-free-50000-m4-v1,uniform,5,strict-alternating,16777216,ADES-V2,6,69082424,69078090,4969,41506,1856
development,syn-scale-free-50000-m4-v1,uniform,5,strict-alternating,16777216,B3L,6,1560253246,1560234039,24496,58712,15400112
development,syn-scale-free-50000-m4-v1,uniform,5,strict-alternating,16777216,COLD,6,66919478,66914453,5115,42064,0
development,syn-scale-free-50000-m4-v1,uniform,5,strict-alternating,16777216,FREQ-LRU-REPAIR,6,72793053,72789122,3465,42076,960
development,syn-scale-free-50000-m4-v1,uniform,5,strict-alternating,67108864,ADES,6,73276982,73272207,4130,42168,960
development,syn-scale-free-50000-m4-v1,uniform,5,strict-alternating,67108864,ADES-V2,6,65798079,65794047,3491,41978,1856
development,syn-scale-free-50000-m4-v1,uniform,5,strict-alternating,67108864,B3L,6,1582384131,1582315072,63519,107802,66000480
development,syn-scale-free-50000-m4-v1,uniform,5,strict-alternating,67108864,COLD,6,67630543,67625876,5209,42650,0
development,syn-scale-free-50000-m4-v1,uniform,5,strict-alternating,67108864,FREQ-LRU-REPAIR,6,65468055,65464620,3736,42754,960
development,syn-scale-free-50000-m4-v1,uniform,50,strict-alternating,16777216,ADES,6,64299529,64298983,465,42760,960
development,syn-scale-free-50000-m4-v1,uniform,50,strict-alternating,16777216,ADES-V2,6,58776617,58776056,500,42304,1856
development,syn-scale-free-50000-m4-v1,uniform,50,strict-alternating,16777216,B3L,6,1571341663,1571337756,1137,58740,15400112
development,syn-scale-free-50000-m4-v1,uniform,50,strict-alternating,16777216,COLD,6,59618293,59617526,732,42612,0
development,syn-scale-free-50000-m4-v1,uniform,50,strict-alternating,16777216,FREQ-LRU-REPAIR,6,62793337,62792861,491,41558,960
development,syn-scale-free-50000-m4-v1,uniform,50,strict-alternating,67108864,ADES,6,56634772,56634341,446,42738,960
development,syn-scale-free-50000-m4-v1,uniform,50,strict-alternating,67108864,ADES-V2,6,58889576,58889140,436,42544,1856
development,syn-scale-free-50000-m4-v1,uniform,50,strict-alternating,67108864,B3L,6,1617988452,1617985772,2745,107286,66000480
development,syn-scale-free-50000-m4-v1,uniform,50,strict-alternating,67108864,COLD,6,58133467,58132575,751,42580,0
development,syn-scale-free-50000-m4-v1,uniform,50,strict-alternating,67108864,FREQ-LRU-REPAIR,6,60020564,60020048,481,42710,960
holdout,syn-clustered-50000-c100-d6-v1,hot-pool,2,bursty,16777216,ADES,3,12368096,12361850,6264,34548,192
holdout,syn-clustered-50000-c100-d6-v1,hot-pool,2,bursty,16777216,ADES-V2,3,13176423,13170476,6284,34540,2032
holdout,syn-clustered-50000-c100-d6-v1,hot-pool,2,bursty,16777216,B3L,3,250309114,250197300,111814,51492,15400112
holdout,syn-clustered-50000-c100-d6-v1,hot-pool,2,bursty,16777216,COLD,3,11984482,11978279,6203,34412,0
holdout,syn-clustered-50000-c100-d6-v1,hot-pool,2,bursty,16777216,FREQ-LRU-REPAIR,3,89186856,89107509,79347,43736,8800560
holdout,syn-clustered-50000-c100-d6-v1,hot-pool,2,bursty,67108864,ADES,3,13457743,13451844,6171,33768,192
holdout,syn-clustered-50000-c100-d6-v1,hot-pool,2,bursty,67108864,ADES-V2,3,12433498,12427514,6494,34060,2032
holdout,syn-clustered-50000-c100-d6-v1,hot-pool,2,bursty,67108864,B3L,3,219998106,219871202,126904,59944,26400192
holdout,syn-clustered-50000-c100-d6-v1,hot-pool,2,bursty,67108864,COLD,3,13926100,13919137,6963,33576,0
holdout,syn-clustered-50000-c100-d6-v1,hot-pool,2,bursty,67108864,FREQ-LRU-REPAIR,3,95179768,95114789,64979,42984,8800560
holdout,syn-clustered-50000-c100-d6-v1,hot-pool,2,repeated-edge,16777216,ADES,3,12534430,12527960,6327,33928,224
holdout,syn-clustered-50000-c100-d6-v1,hot-pool,2,repeated-edge,16777216,ADES-V2,3,15432604,15425901,6703,34176,2032
holdout,syn-clustered-50000-c100-d6-v1,hot-pool,2,repeated-edge,16777216,B3L,3,297282692,297272643,10049,51356,15400112
holdout,syn-clustered-50000-c100-d6-v1,hot-pool,2,repeated-edge,16777216,COLD,3,15344846,15337905,6838,34400,0
holdout,syn-clustered-50000-c100-d6-v1,hot-pool,2,repeated-edge,16777216,FREQ-LRU-REPAIR,3,96723837,96701593,22244,42916,8800592
holdout,syn-clustered-50000-c100-d6-v1,hot-pool,2,repeated-edge,67108864,ADES,3,13142803,13136704,6099,33692,224
holdout,syn-clustered-50000-c100-d6-v1,hot-pool,2,repeated-edge,67108864,ADES-V2,3,12799502,12793424,6078,34796,2032
holdout,syn-clustered-50000-c100-d6-v1,hot-pool,2,repeated-edge,67108864,B3L,3,256225884,256214878,11006,64804,30800224
holdout,syn-clustered-50000-c100-d6-v1,hot-pool,2,repeated-edge,67108864,COLD,3,12996789,12990548,6034,34340,0
holdout,syn-clustered-50000-c100-d6-v1,hot-pool,2,repeated-edge,67108864,FREQ-LRU-REPAIR,3,76807254,76787546,19708,42920,8800592
holdout,syn-clustered-50000-c100-d6-v1,hot-pool,10,bursty,16777216,ADES,3,15194003,15192521,1402,34212,224
holdout,syn-clustered-50000-c100-d6-v1,hot-pool,10,bursty,16777216,ADES-V2,3,14802143,14800802,1374,34468,2032
holdout,syn-clustered-50000-c100-d6-v1,hot-pool,10,bursty,16777216,B3L,3,338226629,338219256,7373,51368,15400112
holdout,syn-clustered-50000-c100-d6-v1,hot-pool,10,bursty,16777216,COLD,3,15955131,15953698,1433,33564,0
holdout,syn-clustered-50000-c100-d6-v1,hot-pool,10,bursty,16777216,FREQ-LRU-REPAIR,3,97208869,97190516,8927,42984,8800592
holdout,syn-clustered-50000-c100-d6-v1,hot-pool,10,bursty,67108864,ADES,3,15288263,15286740,1402,34580,224
holdout,syn-clustered-50000-c100-d6-v1,hot-pool,10,bursty,67108864,ADES-V2,3,14694455,14693252,1283,34796,2032
holdout,syn-clustered-50000-c100-d6-v1,hot-pool,10,bursty,67108864,B3L,3,285608977,285598307,10670,65160,30800224
holdout,syn-clustered-50000-c100-d6-v1,hot-pool,10,bursty,67108864,COLD,3,15126330,15124857,1473,33800,0
holdout,syn-clustered-50000-c100-d6-v1,hot-pool,10,bursty,67108864,FREQ-LRU-REPAIR,3,95910961,95901653,9308,43756,8800592
holdout,syn-clustered-50000-c100-d6-v1,hot-pool,10,repeated-edge,16777216,ADES,3,15408544,15407283,1473,34280,224
holdout,syn-clustered-50000-c100-d6-v1,hot-pool,10,repeated-edge,16777216,ADES-V2,3,13705453,13704292,1172,34596,2032
holdout,syn-clustered-50000-c100-d6-v1,hot-pool,10,repeated-edge,16777216,B3L,3,341247277,341235073,6291,51356,15400112
holdout,syn-clustered-50000-c100-d6-v1,hot-pool,10,repeated-edge,16777216,COLD,3,15580291,15577875,2074,33796,0
holdout,syn-clustered-50000-c100-d6-v1,hot-pool,10,repeated-edge,16777216,FREQ-LRU-REPAIR,3,104456187,104449655,6532,42908,8800592
holdout,syn-clustered-50000-c100-d6-v1,hot-pool,10,repeated-edge,67108864,ADES,3,13496051,13494737,1314,34864,224
holdout,syn-clustered-50000-c100-d6-v1,hot-pool,10,repeated-edge,67108864,ADES-V2,3,14221353,14219930,1471,34512,2032
holdout,syn-clustered-50000-c100-d6-v1,hot-pool,10,repeated-edge,67108864,B3L,3,314765201,314753048,7032,64800,30800224
holdout,syn-clustered-50000-c100-d6-v1,hot-pool,10,repeated-edge,67108864,COLD,3,13115225,13113911,1584,33832,0
holdout,syn-clustered-50000-c100-d6-v1,hot-pool,10,repeated-edge,67108864,FREQ-LRU-REPAIR,3,87734401,87728629,6533,42892,8800592
holdout,syn-clustered-50000-c100-d6-v1,rotating-hot,2,bursty,16777216,ADES,3,11872559,11864584,6372,33704,64
holdout,syn-clustered-50000-c100-d6-v1,rotating-hot,2,bursty,16777216,ADES-V2,3,12407126,12401607,6611,33704,2032
holdout,syn-clustered-50000-c100-d6-v1,rotating-hot,2,bursty,16777216,B3L,3,89799233,89748219,43299,42792,8800064
holdout,syn-clustered-50000-c100-d6-v1,rotating-hot,2,bursty,16777216,COLD,3,12749174,12742382,6792,33548,0
holdout,syn-clustered-50000-c100-d6-v1,rotating-hot,2,bursty,16777216,FREQ-LRU-REPAIR,3,86440846,86388718,52128,42920,8800432
holdout,syn-clustered-50000-c100-d6-v1,rotating-hot,2,bursty,67108864,ADES,3,12039656,12031850,7033,33696,64
holdout,syn-clustered-50000-c100-d6-v1,rotating-hot,2,bursty,67108864,ADES-V2,3,11823262,11814836,5983,34508,2032
holdout,syn-clustered-50000-c100-d6-v1,rotating-hot,2,bursty,67108864,B3L,3,89914558,89871889,40884,42756,8800064
holdout,syn-clustered-50000-c100-d6-v1,rotating-hot,2,bursty,67108864,COLD,3,11479456,11471547,6691,34380,0
holdout,syn-clustered-50000-c100-d6-v1,rotating-hot,2,bursty,67108864,FREQ-LRU-REPAIR,3,95788593,95729569,56907,42920,8800432
holdout,syn-clustered-50000-c100-d6-v1,rotating-hot,2,repeated-edge,16777216,ADES,3,12039522,12034028,6598,34548,64
holdout,syn-clustered-50000-c100-d6-v1,rotating-hot,2,repeated-edge,16777216,ADES-V2,3,12195328,12188827,6121,34152,2032
holdout,syn-clustered-50000-c100-d6-v1,rotating-hot,2,repeated-edge,16777216,B3L,3,103005522,103000533,4989,43288,8800064
holdout,syn-clustered-50000-c100-d6-v1,rotating-hot,2,repeated-edge,16777216,COLD,3,12382763,12377002,5959,34384,0
holdout,syn-clustered-50000-c100-d6-v1,rotating-hot,2,repeated-edge,16777216,FREQ-LRU-REPAIR,3,97648170,97628492,21082,43728,8800432
holdout,syn-clustered-50000-c100-d6-v1,rotating-hot,2,repeated-edge,67108864,ADES,3,13617945,13611592,6353,33704,64
holdout,syn-clustered-50000-c100-d6-v1,rotating-hot,2,repeated-edge,67108864,ADES-V2,3,11350821,11345122,6049,33704,2032
holdout,syn-clustered-50000-c100-d6-v1,rotating-hot,2,repeated-edge,67108864,B3L,3,87671933,87648521,4809,42792,8800064
holdout,syn-clustered-50000-c100-d6-v1,rotating-hot,2,repeated-edge,67108864,COLD,3,12537751,12530849,6740,33580,0
holdout,syn-clustered-50000-c100-d6-v1,rotating-hot,2,repeated-edge,67108864,FREQ-LRU-REPAIR,3,98454869,98434959,19910,42908,8800432
holdout,syn-clustered-50000-c100-d6-v1,rotating-hot,10,bursty,16777216,ADES,3,15492099,15490235,1772,33708,64
holdout,syn-clustered-50000-c100-d6-v1,rotating-hot,10,bursty,16777216,ADES-V2,3,13320500,13318727,1503,33708,2032
holdout,syn-clustered-50000-c100-d6-v1,rotating-hot,10,bursty,16777216,B3L,3,104606300,104603694,4317,42776,8800064
holdout,syn-clustered-50000-c100-d6-v1,rotating-hot,10,bursty,16777216,COLD,3,13383066,13381284,1513,33572,0
holdout,syn-clustered-50000-c100-d6-v1,rotating-hot,10,bursty,16777216,FREQ-LRU-REPAIR,3,105156884,105142228,7685,42920,8800432
holdout,syn-clustered-50000-c100-d6-v1,rotating-hot,10,bursty,67108864,ADES,3,14006748,14005415,1333,34520,64
holdout,syn-clustered-50000-c100-d6-v1,rotating-hot,10,bursty,67108864,ADES-V2,3,13283498,13281815,1452,33704,2032
holdout,syn-clustered-50000-c100-d6-v1,rotating-hot,10,bursty,67108864,B3L,3,98132839,98130453,5318,42780,8800064
holdout,syn-clustered-50000-c100-d6-v1,rotating-hot,10,bursty,67108864,COLD,3,13892150,13890247,1633,33576,0
holdout,syn-clustered-50000-c100-d6-v1,rotating-hot,10,bursty,67108864,FREQ-LRU-REPAIR,3,104185887,104178215,9588,42920,8800432
holdout,syn-clustered-50000-c100-d6-v1,rotating-hot,10,repeated-edge,16777216,ADES,3,13632324,13630641,1573,34548,64
holdout,syn-clustered-50000-c100-d6-v1,rotating-hot,10,repeated-edge,16777216,ADES-V2,3,13460945,13459274,1552,34544,2032
holdout,syn-clustered-50000-c100-d6-v1,rotating-hot,10,repeated-edge,16777216,B3L,3,101535579,101533686,2313,42792,8800064
holdout,syn-clustered-50000-c100-d6-v1,rotating-hot,10,repeated-edge,16777216,COLD,3,13415462,13413819,1642,33580,0
holdout,syn-clustered-50000-c100-d6-v1,rotating-hot,10,repeated-edge,16777216,FREQ-LRU-REPAIR,3,108348150,108341208,7202,43400,8800432
holdout,syn-clustered-50000-c100-d6-v1,rotating-hot,10,repeated-edge,67108864,ADES,3,12408788,12406915,1444,33704,64
holdout,syn-clustered-50000-c100-d6-v1,rotating-hot,10,repeated-edge,67108864,ADES-V2,3,12384699,12383254,1592,34212,2032
holdout,syn-clustered-50000-c100-d6-v1,rotating-hot,10,repeated-edge,67108864,B3L,3,100087696,100085442,2254,43268,8800064
holdout,syn-clustered-50000-c100-d6-v1,rotating-hot,10,repeated-edge,67108864,COLD,3,11839242,11837881,1371,33576,0
holdout,syn-clustered-50000-c100-d6-v1,rotating-hot,10,repeated-edge,67108864,FREQ-LRU-REPAIR,3,108754097,108747355,6742,42920,8800432
holdout,syn-clustered-50000-c100-d6-v1,zipf,2,bursty,16777216,ADES,3,14155965,14147959,7304,34208,96
holdout,syn-clustered-50000-c100-d6-v1,zipf,2,bursty,16777216,ADES-V2,3,13778771,13771219,7004,33692,2032
holdout,syn-clustered-50000-c100-d6-v1,zipf,2,bursty,16777216,B3L,3,139542324,139463749,78575,47620,13200096
holdout,syn-clustered-50000-c100-d6-v1,zipf,2,bursty,16777216,COLD,3,14209340,14201327,6472,33568,0
holdout,syn-clustered-50000-c100-d6-v1,zipf,2,bursty,16777216,FREQ-LRU-REPAIR,3,101353144,101276010,77134,42984,8800464
holdout,syn-clustered-50000-c100-d6-v1,zipf,2,bursty,67108864,ADES,3,12628265,12621254,6632,33676,96
holdout,syn-clustered-50000-c100-d6-v1,zipf,2,bursty,67108864,ADES-V2,3,14007214,14001133,7883,33704,2032
holdout,syn-clustered-50000-c100-d6-v1,zipf,2,bursty,67108864,B3L,3,139339656,139256799,82857,47144,13200096
holdout,syn-clustered-50000-c100-d6-v1,zipf,2,bursty,67108864,COLD,3,13309871,13303033,6896,33572,0
holdout,syn-clustered-50000-c100-d6-v1,zipf,2,bursty,67108864,FREQ-LRU-REPAIR,3,95194244,95113675,80569,42912,8800464
holdout,syn-clustered-50000-c100-d6-v1,zipf,2,repeated-edge,16777216,ADES,3,14811024,14804331,6693,33796,96
holdout,syn-clustered-50000-c100-d6-v1,zipf,2,repeated-edge,16777216,ADES-V2,3,14922669,14915945,6097,34492,2032
holdout,syn-clustered-50000-c100-d6-v1,zipf,2,repeated-edge,16777216,B3L,3,139202206,139196177,6300,47132,13200096
holdout,syn-clustered-50000-c100-d6-v1,zipf,2,repeated-edge,16777216,COLD,3,14173716,14167746,6399,34528,0
holdout,syn-clustered-50000-c100-d6-v1,zipf,2,repeated-edge,16777216,FREQ-LRU-REPAIR,3,88524601,88501818,18895,42916,8800464
holdout,syn-clustered-50000-c100-d6-v1,zipf,2,repeated-edge,67108864,ADES,3,15865765,15858765,6822,33800,96
holdout,syn-clustered-50000-c100-d6-v1,zipf,2,repeated-edge,67108864,ADES-V2,3,15097310,15090913,6519,33960,2032
holdout,syn-clustered-50000-c100-d6-v1,zipf,2,repeated-edge,67108864,B3L,3,130353087,130347683,5404,47972,13200096
holdout,syn-clustered-50000-c100-d6-v1,zipf,2,repeated-edge,67108864,COLD,3,16433271,16426466,6901,33564,0
holdout,syn-clustered-50000-c100-d6-v1,zipf,2,repeated-edge,67108864,FREQ-LRU-REPAIR,3,100341344,100317579,20105,43728,8800464
holdout,syn-clustered-50000-c100-d6-v1,zipf,10,bursty,16777216,ADES,3,14294157,14292675,1482,34508,112
holdout,syn-clustered-50000-c100-d6-v1,zipf,10,bursty,16777216,ADES-V2,3,15165420,15163727,1523,34200,2032
holdout,syn-clustered-50000-c100-d6-v1,zipf,10,bursty,16777216,B3L,3,145391158,145389105,5139,50160,15400112
holdout,syn-clustered-50000-c100-d6-v1,zipf,10,bursty,16777216,COLD,3,12844139,12843106,1262,33560,0
holdout,syn-clustered-50000-c100-d6-v1,zipf,10,bursty,16777216,FREQ-LRU-REPAIR,3,79943278,79936756,8866,42920,8800480
holdout,syn-clustered-50000-c100-d6-v1,zipf,10,bursty,67108864,ADES,3,12916211,12915000,1262,34532,112
holdout,syn-clustered-50000-c100-d6-v1,zipf,10,bursty,67108864,ADES-V2,3,14987807,14986332,1463,34452,2032
holdout,syn-clustered-50000-c100-d6-v1,zipf,10,bursty,67108864,B3L,3,140764631,140762326,5411,49320,15400112
holdout,syn-clustered-50000-c100-d6-v1,zipf,10,bursty,67108864,COLD,3,12420801,12419359,1442,33832,0
holdout,syn-clustered-50000-c100-d6-v1,zipf,10,bursty,67108864,FREQ-LRU-REPAIR,3,92099643,92080978,8976,42924,8800480
holdout,syn-clustered-50000-c100-d6-v1,zipf,10,repeated-edge,16777216,ADES,3,13448673,13447441,1312,34532,96
holdout,syn-clustered-50000-c100-d6-v1,zipf,10,repeated-edge,16777216,ADES-V2,3,15929384,15927950,1582,33956,2032
holdout,syn-clustered-50000-c100-d6-v1,zipf,10,repeated-edge,16777216,B3L,3,150248172,150239114,3406,47952,13200096
holdout,syn-clustered-50000-c100-d6-v1,zipf,10,repeated-edge,16777216,COLD,3,15120187,15118694,1493,34376,0
holdout,syn-clustered-50000-c100-d6-v1,zipf,10,repeated-edge,16777216,FREQ-LRU-REPAIR,3,85180367,85173964,6403,43752,8800464
holdout,syn-clustered-50000-c100-d6-v1,zipf,10,repeated-edge,67108864,ADES,3,11690124,11688922,1302,33704,96
holdout,syn-clustered-50000-c100-d6-v1,zipf,10,repeated-edge,67108864,ADES-V2,3,12774151,12772930,1221,33704,2032
holdout,syn-clustered-50000-c100-d6-v1,zipf,10,repeated-edge,67108864,B3L,3,132180200,132170973,3316,48048,13200096
holdout,syn-clustered-50000-c100-d6-v1,zipf,10,repeated-edge,67108864,COLD,3,13483141,13481668,1473,33832,0
holdout,syn-clustered-50000-c100-d6-v1,zipf,10,repeated-edge,67108864,FREQ-LRU-REPAIR,3,88581802,88575600,6433,42984,8800464
holdout,syn-small-world-50000-k8-r10-v1,hot-pool,2,bursty,16777216,ADES,3,12529907,12523717,6190,40012,192
holdout,syn-small-world-50000-k8-r10-v1,hot-pool,2,bursty,16777216,ADES-V2,3,12780261,12774169,6453,38724,2032
holdout,syn-small-world-50000-k8-r10-v1,hot-pool,2,bursty,16777216,B3L,3,231019671,230768215,75971,57640,15400112
holdout,syn-small-world-50000-k8-r10-v1,hot-pool,2,bursty,16777216,COLD,3,12217102,12211033,6905,39808,0
holdout,syn-small-world-50000-k8-r10-v1,hot-pool,2,bursty,16777216,FREQ-LRU-REPAIR,3,90089920,89990037,70952,48360,8800560
holdout,syn-small-world-50000-k8-r10-v1,hot-pool,2,bursty,67108864,ADES,3,13145707,13139354,6353,40000,192
holdout,syn-small-world-50000-k8-r10-v1,hot-pool,2,bursty,67108864,ADES-V2,3,12197104,12191226,6190,38852,2032
holdout,syn-small-world-50000-k8-r10-v1,hot-pool,2,bursty,67108864,B3L,3,240227655,240106964,120691,66208,26400192
holdout,syn-small-world-50000-k8-r10-v1,hot-pool,2,bursty,67108864,COLD,3,13617232,13610420,6812,38680,0
holdout,syn-small-world-50000-k8-r10-v1,hot-pool,2,bursty,67108864,FREQ-LRU-REPAIR,3,89858670,89779221,79449,48432,8800560
holdout,syn-small-world-50000-k8-r10-v1,hot-pool,2,repeated-edge,16777216,ADES,3,12580300,12574340,6031,40076,224
holdout,syn-small-world-50000-k8-r10-v1,hot-pool,2,repeated-edge,16777216,ADES-V2,3,12784828,12778999,6649,40484,2032
holdout,syn-small-world-50000-k8-r10-v1,hot-pool,2,repeated-edge,16777216,B3L,3,332981451,332969521,11930,57644,15400112
holdout,syn-small-world-50000-k8-r10-v1,hot-pool,2,repeated-edge,16777216,COLD,3,13035474,13030083,6534,38584,0
holdout,syn-small-world-50000-k8-r10-v1,hot-pool,2,repeated-edge,16777216,FREQ-LRU-REPAIR,3,86836698,86813637,21580,49188,8800592
holdout,syn-small-world-50000-k8-r10-v1,hot-pool,2,repeated-edge,67108864,ADES,3,12472217,12466155,5612,38800,224
holdout,syn-small-world-50000-k8-r10-v1,hot-pool,2,repeated-edge,67108864,ADES-V2,3,12405922,12399810,6112,39960,2032
holdout,syn-small-world-50000-k8-r10-v1,hot-pool,2,repeated-edge,67108864,B3L,3,282835236,282823105,12131,70504,30800224
holdout,syn-small-world-50000-k8-r10-v1,hot-pool,2,repeated-edge,67108864,COLD,3,13114272,13107584,6582,38652,0
holdout,syn-small-world-50000-k8-r10-v1,hot-pool,2,repeated-edge,67108864,FREQ-LRU-REPAIR,3,90751377,90728209,22621,49092,8800592
holdout,syn-small-world-50000-k8-r10-v1,hot-pool,10,bursty,16777216,ADES,3,14043502,14042280,1222,39380,224
holdout,syn-small-world-50000-k8-r10-v1,hot-pool,10,bursty,16777216,ADES-V2,3,14793755,14792422,1343,39924,2032
holdout,syn-small-world-50000-k8-r10-v1,hot-pool,10,bursty,16777216,B3L,3,296951898,296937772,8216,57648,15400112
holdout,syn-small-world-50000-k8-r10-v1,hot-pool,10,bursty,16777216,COLD,3,13412664,13411471,1193,39232,0
holdout,syn-small-world-50000-k8-r10-v1,hot-pool,10,bursty,16777216,FREQ-LRU-REPAIR,3,104343423,104327693,9437,47940,8800592
holdout,syn-small-world-50000-k8-r10-v1,hot-pool,10,bursty,67108864,ADES,3,15037825,15036564,1252,38828,224
holdout,syn-small-world-50000-k8-r10-v1,hot-pool,10,bursty,67108864,ADES-V2,3,14859273,14858019,1283,39276,2032
holdout,syn-small-world-50000-k8-r10-v1,hot-pool,10,bursty,67108864,B3L,3,334663436,334657816,13537,69364,30800224
holdout,syn-small-world-50000-k8-r10-v1,hot-pool,10,bursty,67108864,COLD,3,15643990,15642155,1493,39864,0
holdout,syn-small-world-50000-k8-r10-v1,hot-pool,10,bursty,67108864,FREQ-LRU-REPAIR,3,101696874,101690021,9859,47956,8800592
holdout,syn-small-world-50000-k8-r10-v1,hot-pool,10,repeated-edge,16777216,ADES,3,13584926,13583385,1394,40036,224
holdout,syn-small-world-50000-k8-r10-v1,hot-pool,10,repeated-edge,16777216,ADES-V2,3,13604222,13602798,1543,39968,2032
holdout,syn-small-world-50000-k8-r10-v1,hot-pool,10,repeated-edge,16777216,B3L,3,407755579,407751581,3998,56400,15400112
holdout,syn-small-world-50000-k8-r10-v1,hot-pool,10,repeated-edge,16777216,COLD,3,13544141,13542468,1524,38816,0
holdout,syn-small-world-50000-k8-r10-v1,hot-pool,10,repeated-edge,16777216,FREQ-LRU-REPAIR,3,93999458,93994199,6592,49104,8800592
holdout,syn-small-world-50000-k8-r10-v1,hot-pool,10,repeated-edge,67108864,ADES,3,14159944,14158771,1192,38856,224
holdout,syn-small-world-50000-k8-r10-v1,hot-pool,10,repeated-edge,67108864,ADES-V2,3,14251584,14250482,1214,38888,2032
holdout,syn-small-world-50000-k8-r10-v1,hot-pool,10,repeated-edge,67108864,B3L,3,308681776,308677708,4068,69860,30800224
holdout,syn-small-world-50000-k8-r10-v1,hot-pool,10,repeated-edge,67108864,COLD,3,12853536,12852183,1332,38660,0
holdout,syn-small-world-50000-k8-r10-v1,hot-pool,10,repeated-edge,67108864,FREQ-LRU-REPAIR,3,102379676,102364328,6632,47948,8800592
holdout,syn-small-world-50000-k8-r10-v1,rotating-hot,2,bursty,16777216,ADES,3,12947522,12941018,6506,40012,64
holdout,syn-small-world-50000-k8-r10-v1,rotating-hot,2,bursty,16777216,ADES-V2,3,12226903,12219618,6562,38832,2032
holdout,syn-small-world-50000-k8-r10-v1,rotating-hot,2,bursty,16777216,B3L,3,88891551,88866717,24834,49064,8800064
holdout,syn-small-world-50000-k8-r10-v1,rotating-hot,2,bursty,16777216,COLD,3,12392490,12385537,6953,39744,0
holdout,syn-small-world-50000-k8-r10-v1,rotating-hot,2,bursty,16777216,FREQ-LRU-REPAIR,3,88432284,88404732,33883,49148,8800432
holdout,syn-small-world-50000-k8-r10-v1,rotating-hot,2,bursty,67108864,ADES,3,11767311,11760949,6362,39960,64
holdout,syn-small-world-50000-k8-r10-v1,rotating-hot,2,bursty,67108864,ADES-V2,3,11796608,11789804,6804,40012,2032
holdout,syn-small-world-50000-k8-r10-v1,rotating-hot,2,bursty,67108864,B3L,3,85708356,85687788,20568,47868,8800064
holdout,syn-small-world-50000-k8-r10-v1,rotating-hot,2,bursty,67108864,COLD,3,10965453,10959428,6025,39780,0
holdout,syn-small-world-50000-k8-r10-v1,rotating-hot,2,bursty,67108864,FREQ-LRU-REPAIR,3,98726245,98689068,37177,47940,8800432
holdout,syn-small-world-50000-k8-r10-v1,rotating-hot,2,repeated-edge,16777216,ADES,3,13966449,13960422,6678,39344,64
holdout,syn-small-world-50000-k8-r10-v1,rotating-hot,2,repeated-edge,16777216,ADES-V2,3,13390620,13383712,6908,39296,2032
holdout,syn-small-world-50000-k8-r10-v1,rotating-hot,2,repeated-edge,16777216,B3L,3,99412657,99407798,4629,49080,8800064
holdout,syn-small-world-50000-k8-r10-v1,rotating-hot,2,repeated-edge,16777216,COLD,3,13466917,13460665,6384,38724,0
holdout,syn-small-world-50000-k8-r10-v1,rotating-hot,2,repeated-edge,16777216,FREQ-LRU-REPAIR,3,99070239,99050453,19786,47972,8800432
holdout,syn-small-world-50000-k8-r10-v1,rotating-hot,2,repeated-edge,67108864,ADES,3,14070468,14064667,6555,38784,64
holdout,syn-small-world-50000-k8-r10-v1,rotating-hot,2,repeated-edge,67108864,ADES-V2,3,13573239,13566854,6385,38848,2032
holdout,syn-small-world-50000-k8-r10-v1,rotating-hot,2,repeated-edge,67108864,B3L,3,99395956,99390888,4378,49116,8800064
holdout,syn-small-world-50000-k8-r10-v1,rotating-hot,2,repeated-edge,67108864,COLD,3,13305387,13298696,6673,38692,0
holdout,syn-small-world-50000-k8-r10-v1,rotating-hot,2,repeated-edge,67108864,FREQ-LRU-REPAIR,3,100018339,99998044,20070,47948,8800432
holdout,syn-small-world-50000-k8-r10-v1,rotating-hot,10,bursty,16777216,ADES,3,14483117,14481324,1563,40008,64
holdout,syn-small-world-50000-k8-r10-v1,rotating-hot,10,bursty,16777216,ADES-V2,3,13027437,13026316,1332,38848,2032
holdout,syn-small-world-50000-k8-r10-v1,rotating-hot,10,bursty,16777216,B3L,3,95155188,95152342,3686,47916,8800064
holdout,syn-small-world-50000-k8-r10-v1,rotating-hot,10,bursty,16777216,COLD,3,14305516,14303372,1794,39840,0
holdout,syn-small-world-50000-k8-r10-v1,rotating-hot,10,bursty,16777216,FREQ-LRU-REPAIR,3,101267543,101259919,9188,49160,8800432
holdout,syn-small-world-50000-k8-r10-v1,rotating-hot,10,bursty,67108864,ADES,3,15202480,15201189,1291,39996,64
holdout,syn-small-world-50000-k8-r10-v1,rotating-hot,10,bursty,67108864,ADES-V2,3,13161205,13159833,1373,38880,2032
holdout,syn-small-world-50000-k8-r10-v1,rotating-hot,10,bursty,67108864,B3L,3,89733025,89730891,3735,47956,8800064
holdout,syn-small-world-50000-k8-r10-v1,rotating-hot,10,bursty,67108864,COLD,3,13128098,13126687,1411,39792,0
holdout,syn-small-world-50000-k8-r10-v1,rotating-hot,10,bursty,67108864,FREQ-LRU-REPAIR,3,87233963,87223955,8066,49072,8800432
holdout,syn-small-world-50000-k8-r10-v1,rotating-hot,10,repeated-edge,16777216,ADES,3,13718101,13716467,1602,39960,64
holdout,syn-small-world-50000-k8-r10-v1,rotating-hot,10,repeated-edge,16777216,ADES-V2,3,11854569,11853448,1143,38824,2032
holdout,syn-small-world-50000-k8-r10-v1,rotating-hot,10,repeated-edge,16777216,B3L,3,86611057,86593024,2194,47788,8800064
holdout,syn-small-world-50000-k8-r10-v1,rotating-hot,10,repeated-edge,16777216,COLD,3,12212424,12210931,1493,39784,0
holdout,syn-small-world-50000-k8-r10-v1,rotating-hot,10,repeated-edge,16777216,FREQ-LRU-REPAIR,3,85669657,85664378,6613,49104,8800432
holdout,syn-small-world-50000-k8-r10-v1,rotating-hot,10,repeated-edge,67108864,ADES,3,12028260,12027048,1332,38812,64
holdout,syn-small-world-50000-k8-r10-v1,rotating-hot,10,repeated-edge,67108864,ADES-V2,3,12332475,12330893,1352,39308,2032
holdout,syn-small-world-50000-k8-r10-v1,rotating-hot,10,repeated-edge,67108864,B3L,3,87602524,87583118,2233,49020,8800064
holdout,syn-small-world-50000-k8-r10-v1,rotating-hot,10,repeated-edge,67108864,COLD,3,11901200,11899806,1401,39792,0
holdout,syn-small-world-50000-k8-r10-v1,rotating-hot,10,repeated-edge,67108864,FREQ-LRU-REPAIR,3,88796530,88790860,5830,48396,8800432
holdout,syn-small-world-50000-k8-r10-v1,zipf,2,bursty,16777216,ADES,3,14685009,14678195,6814,39360,96
holdout,syn-small-world-50000-k8-r10-v1,zipf,2,bursty,16777216,ADES-V2,3,13634616,13627355,7261,39956,2032
holdout,syn-small-world-50000-k8-r10-v1,zipf,2,bursty,16777216,B3L,3,163257836,163157859,90085,52084,13200096
holdout,syn-small-world-50000-k8-r10-v1,zipf,2,bursty,16777216,COLD,3,14041506,14033844,7081,39780,0
holdout,syn-small-world-50000-k8-r10-v1,zipf,2,bursty,16777216,FREQ-LRU-REPAIR,3,99744689,99669131,73459,49100,8800464
holdout,syn-small-world-50000-k8-r10-v1,zipf,2,bursty,67108864,ADES,3,14400473,14393735,6838,39988,96
holdout,syn-small-world-50000-k8-r10-v1,zipf,2,bursty,67108864,ADES-V2,3,14239202,14231878,7324,40004,2032
holdout,syn-small-world-50000-k8-r10-v1,zipf,2,bursty,67108864,B3L,3,148180274,148067434,93150,52608,13200096
holdout,syn-small-world-50000-k8-r10-v1,zipf,2,bursty,67108864,COLD,3,14571260,14563798,7050,39756,0
holdout,syn-small-world-50000-k8-r10-v1,zipf,2,bursty,67108864,FREQ-LRU-REPAIR,3,97252796,97183818,68978,48024,8800464
holdout,syn-small-world-50000-k8-r10-v1,zipf,2,repeated-edge,16777216,ADES,3,13708125,13701064,6152,39968,96
holdout,syn-small-world-50000-k8-r10-v1,zipf,2,repeated-edge,16777216,ADES-V2,3,13727160,13720746,6414,40004,2032
holdout,syn-small-world-50000-k8-r10-v1,zipf,2,repeated-edge,16777216,B3L,3,142335604,142329108,6496,53316,13200096
holdout,syn-small-world-50000-k8-r10-v1,zipf,2,repeated-edge,16777216,COLD,3,13415083,13396439,6794,39788,0
holdout,syn-small-world-50000-k8-r10-v1,zipf,2,repeated-edge,16777216,FREQ-LRU-REPAIR,3,99147228,99129007,19044,47896,8800464
holdout,syn-small-world-50000-k8-r10-v1,zipf,2,repeated-edge,67108864,ADES,3,13946924,13941073,6503,38920,96
holdout,syn-small-world-50000-k8-r10-v1,zipf,2,repeated-edge,67108864,ADES-V2,3,13441905,13435003,6902,38800,2032
holdout,syn-small-world-50000-k8-r10-v1,zipf,2,repeated-edge,67108864,B3L,3,143997514,143990744,6770,53388,13200096
holdout,syn-small-world-50000-k8-r10-v1,zipf,2,repeated-edge,67108864,COLD,3,12936055,12929864,6191,39812,0
holdout,syn-small-world-50000-k8-r10-v1,zipf,2,repeated-edge,67108864,FREQ-LRU-REPAIR,3,99384677,99366937,18172,47876,8800464
holdout,syn-small-world-50000-k8-r10-v1,zipf,10,bursty,16777216,ADES,3,13597351,13595958,1390,38836,112
holdout,syn-small-world-50000-k8-r10-v1,zipf,10,bursty,16777216,ADES-V2,3,13181608,13180436,1173,39984,2032
holdout,syn-small-world-50000-k8-r10-v1,zipf,10,bursty,16777216,B3L,3,161035041,161032285,6754,55476,15400112
holdout,syn-small-world-50000-k8-r10-v1,zipf,10,bursty,16777216,COLD,3,13160448,13159154,1401,39764,0
holdout,syn-small-world-50000-k8-r10-v1,zipf,10,bursty,16777216,FREQ-LRU-REPAIR,3,97711994,97704891,10389,49136,8800480
holdout,syn-small-world-50000-k8-r10-v1,zipf,10,bursty,67108864,ADES,3,13113671,13112108,1363,38832,112
holdout,syn-small-world-50000-k8-r10-v1,zipf,10,bursty,67108864,ADES-V2,3,13270820,13269518,1302,38868,2032
holdout,syn-small-world-50000-k8-r10-v1,zipf,10,bursty,67108864,B3L,3,156924485,156921008,7483,54376,15400112
holdout,syn-small-world-50000-k8-r10-v1,zipf,10,bursty,67108864,COLD,3,13285761,13284499,1394,38600,0
holdout,syn-small-world-50000-k8-r10-v1,zipf,10,bursty,67108864,FREQ-LRU-REPAIR,3,93480584,93470977,9607,49124,8800480
holdout,syn-small-world-50000-k8-r10-v1,zipf,10,repeated-edge,16777216,ADES,3,12846334,12845171,1384,39976,96
holdout,syn-small-world-50000-k8-r10-v1,zipf,10,repeated-edge,16777216,ADES-V2,3,11370482,11369151,1331,39368,2032
holdout,syn-small-world-50000-k8-r10-v1,zipf,10,repeated-edge,16777216,B3L,3,125988415,125986441,1974,52100,13200096
holdout,syn-small-world-50000-k8-r10-v1,zipf,10,repeated-edge,16777216,COLD,3,12366749,12365206,1384,39688,0
holdout,syn-small-world-50000-k8-r10-v1,zipf,10,repeated-edge,16777216,FREQ-LRU-REPAIR,3,89875037,89865481,6062,49112,8800464
holdout,syn-small-world-50000-k8-r10-v1,zipf,10,repeated-edge,67108864,ADES,3,11909131,11907910,1221,38872,96
holdout,syn-small-world-50000-k8-r10-v1,zipf,10,repeated-edge,67108864,ADES-V2,3,12408018,12406536,1433,38816,2032
holdout,syn-small-world-50000-k8-r10-v1,zipf,10,repeated-edge,67108864,B3L,3,136853385,136851211,2174,53332,13200096
holdout,syn-small-world-50000-k8-r10-v1,zipf,10,repeated-edge,67108864,COLD,3,11956327,11954666,1634,39768,0
holdout,syn-small-world-50000-k8-r10-v1,zipf,10,repeated-edge,67108864,FREQ-LRU-REPAIR,3,93568049,93553532,6182,49088,8800464
holdout,syn-uniform-50000-d6-v1,hot-pool,2,bursty,16777216,ADES,3,14695223,14686868,8195,34364,192
holdout,syn-uniform-50000-d6-v1,hot-pool,2,bursty,16777216,ADES-V2,3,14829581,14821489,8056,34012,2032
holdout,syn-uniform-50000-d6-v1,hot-pool,2,bursty,16777216,B3L,3,304525486,304448471,105536,51552,15400112
holdout,syn-uniform-50000-d6-v1,hot-pool,2,bursty,16777216,COLD,3,13905460,13898886,7608,34268,0
holdout,syn-uniform-50000-d6-v1,hot-pool,2,bursty,16777216,FREQ-LRU-REPAIR,3,124047472,123980486,78998,43780,8800560
holdout,syn-uniform-50000-d6-v1,hot-pool,2,bursty,67108864,ADES,3,14413879,14406334,7612,34892,192
holdout,syn-uniform-50000-d6-v1,hot-pool,2,bursty,67108864,ADES-V2,3,14064564,14056499,8620,34268,2032
holdout,syn-uniform-50000-d6-v1,hot-pool,2,bursty,67108864,B3L,3,327988958,327255563,733395,59432,26400192
holdout,syn-uniform-50000-d6-v1,hot-pool,2,bursty,67108864,COLD,3,15273566,15265054,8512,34532,0
holdout,syn-uniform-50000-d6-v1,hot-pool,2,bursty,67108864,FREQ-LRU-REPAIR,3,113499115,113274266,78052,43788,8800560
holdout,syn-uniform-50000-d6-v1,hot-pool,2,repeated-edge,16777216,ADES,3,15511978,15506374,5928,34584,224
holdout,syn-uniform-50000-d6-v1,hot-pool,2,repeated-edge,16777216,ADES-V2,3,14679508,14673614,5921,34016,2032
holdout,syn-uniform-50000-d6-v1,hot-pool,2,repeated-edge,16777216,B3L,3,471613987,471520986,70580,51552,15400112
holdout,syn-uniform-50000-d6-v1,hot-pool,2,repeated-edge,16777216,COLD,3,15926600,15918907,7411,34456,0
holdout,syn-uniform-50000-d6-v1,hot-pool,2,repeated-edge,16777216,FREQ-LRU-REPAIR,3,119682271,119650027,32244,43816,8800592
holdout,syn-uniform-50000-d6-v1,hot-pool,2,repeated-edge,67108864,ADES,3,15047510,15041220,6290,34524,224
holdout,syn-uniform-50000-d6-v1,hot-pool,2,repeated-edge,67108864,ADES-V2,3,14752289,14745254,6783,34596,2032
holdout,syn-uniform-50000-d6-v1,hot-pool,2,repeated-edge,67108864,B3L,3,380924719,380810654,98965,64352,30800224
holdout,syn-uniform-50000-d6-v1,hot-pool,2,repeated-edge,67108864,COLD,3,15522345,15516195,6025,33632,0
holdout,syn-uniform-50000-d6-v1,hot-pool,2,repeated-edge,67108864,FREQ-LRU-REPAIR,3,122596397,122572588,30984,42972,8800592
holdout,syn-uniform-50000-d6-v1,hot-pool,10,bursty,16777216,ADES,3,14807901,14805948,1524,33888,224
holdout,syn-uniform-50000-d6-v1,hot-pool,10,bursty,16777216,ADES-V2,3,13967780,13966246,1534,33860,2032
holdout,syn-uniform-50000-d6-v1,hot-pool,10,bursty,16777216,B3L,3,411738592,411727521,36499,52392,15400112
holdout,syn-uniform-50000-d6-v1,hot-pool,10,bursty,16777216,COLD,3,14501962,14499769,1955,34584,0
holdout,syn-uniform-50000-d6-v1,hot-pool,10,bursty,16777216,FREQ-LRU-REPAIR,3,117018242,117005507,12735,43548,8800592
holdout,syn-uniform-50000-d6-v1,hot-pool,10,bursty,67108864,ADES,3,15351078,15349015,1522,34708,224
holdout,syn-uniform-50000-d6-v1,hot-pool,10,bursty,67108864,ADES-V2,3,14508334,14506900,1572,34572,2032
holdout,syn-uniform-50000-d6-v1,hot-pool,10,bursty,67108864,B3L,3,382739291,382700326,38965,63652,30800224
holdout,syn-uniform-50000-d6-v1,hot-pool,10,bursty,67108864,COLD,3,14504909,14502916,1663,33604,0
holdout,syn-uniform-50000-d6-v1,hot-pool,10,bursty,67108864,FREQ-LRU-REPAIR,3,121404821,121393639,11182,42976,8800592
holdout,syn-uniform-50000-d6-v1,hot-pool,10,repeated-edge,16777216,ADES,3,13511223,13510040,1253,34600,224
holdout,syn-uniform-50000-d6-v1,hot-pool,10,repeated-edge,16777216,ADES-V2,3,13909695,13908424,1212,34584,2032
holdout,syn-uniform-50000-d6-v1,hot-pool,10,repeated-edge,16777216,B3L,3,440257878,440107128,72123,51548,15400112
holdout,syn-uniform-50000-d6-v1,hot-pool,10,repeated-edge,16777216,COLD,3,13618736,13617563,1342,33784,0
holdout,syn-uniform-50000-d6-v1,hot-pool,10,repeated-edge,16777216,FREQ-LRU-REPAIR,3,113402566,113359426,43140,42316,8800592
holdout,syn-uniform-50000-d6-v1,hot-pool,10,repeated-edge,67108864,ADES,3,14241687,14240525,1162,34016,224
holdout,syn-uniform-50000-d6-v1,hot-pool,10,repeated-edge,67108864,ADES-V2,3,15376694,15375301,1393,34884,2032
holdout,syn-uniform-50000-d6-v1,hot-pool,10,repeated-edge,67108864,B3L,3,391476249,391314378,74109,63724,30800224
holdout,syn-uniform-50000-d6-v1,hot-pool,10,repeated-edge,67108864,COLD,3,13295538,13294196,1342,33860,0
holdout,syn-uniform-50000-d6-v1,hot-pool,10,repeated-edge,67108864,FREQ-LRU-REPAIR,3,104211980,104168739,43241,43484,8800592
holdout,syn-uniform-50000-d6-v1,rotating-hot,2,bursty,16777216,ADES,3,11264400,11257770,7682,33756,64
holdout,syn-uniform-50000-d6-v1,rotating-hot,2,bursty,16777216,ADES-V2,3,11150882,11144620,6820,34256,2032
holdout,syn-uniform-50000-d6-v1,rotating-hot,2,bursty,16777216,B3L,3,100380827,100338828,41999,43340,8800064
holdout,syn-uniform-50000-d6-v1,rotating-hot,2,bursty,16777216,COLD,3,11093125,11086314,7065,33632,0
holdout,syn-uniform-50000-d6-v1,rotating-hot,2,bursty,16777216,FREQ-LRU-REPAIR,3,107463386,107352258,60893,43484,8800432
holdout,syn-uniform-50000-d6-v1,rotating-hot,2,bursty,67108864,ADES,3,11666502,11659437,7065,34232,64
holdout,syn-uniform-50000-d6-v1,rotating-hot,2,bursty,67108864,ADES-V2,3,11312779,11306136,7742,33756,2032
holdout,syn-uniform-50000-d6-v1,rotating-hot,2,bursty,67108864,B3L,3,98997762,98905652,43201,43712,8800064
holdout,syn-uniform-50000-d6-v1,rotating-hot,2,bursty,67108864,COLD,3,11751576,11744752,7176,33624,0
holdout,syn-uniform-50000-d6-v1,rotating-hot,2,bursty,67108864,FREQ-LRU-REPAIR,3,100568174,100509676,58498,42976,8800432
holdout,syn-uniform-50000-d6-v1,rotating-hot,2,repeated-edge,16777216,ADES,3,10993693,10987640,6351,34012,64
holdout,syn-uniform-50000-d6-v1,rotating-hot,2,repeated-edge,16777216,ADES-V2,3,12364811,12358521,6933,34672,2032
holdout,syn-uniform-50000-d6-v1,rotating-hot,2,repeated-edge,16777216,B3L,3,96433860,96429545,4315,42844,8800064
holdout,syn-uniform-50000-d6-v1,rotating-hot,2,repeated-edge,16777216,COLD,3,11944907,11938288,7011,34496,0
holdout,syn-uniform-50000-d6-v1,rotating-hot,2,repeated-edge,16777216,FREQ-LRU-REPAIR,3,91181432,91162034,19415,42972,8800432
holdout,syn-uniform-50000-d6-v1,rotating-hot,2,repeated-edge,67108864,ADES,3,12260520,12254227,6563,34592,64
holdout,syn-uniform-50000-d6-v1,rotating-hot,2,repeated-edge,67108864,ADES-V2,3,12754442,12747100,7071,34016,2032
holdout,syn-uniform-50000-d6-v1,rotating-hot,2,repeated-edge,67108864,B3L,3,95732109,95727018,5091,42848,8800064
holdout,syn-uniform-50000-d6-v1,rotating-hot,2,repeated-edge,67108864,COLD,3,10290188,10283977,6211,34268,0
holdout,syn-uniform-50000-d6-v1,rotating-hot,2,repeated-edge,67108864,FREQ-LRU-REPAIR,3,99010062,98989817,20245,43788,8800432
holdout,syn-uniform-50000-d6-v1,rotating-hot,10,bursty,16777216,ADES,3,11760303,11759151,1232,34840,64
holdout,syn-uniform-50000-d6-v1,rotating-hot,10,bursty,16777216,ADES-V2,3,11923298,11910314,1211,34012,2032
holdout,syn-uniform-50000-d6-v1,rotating-hot,10,bursty,16777216,B3L,3,96372572,96362734,9838,42908,8800064
holdout,syn-uniform-50000-d6-v1,rotating-hot,10,bursty,16777216,COLD,3,11310331,11308989,1332,34456,0
holdout,syn-uniform-50000-d6-v1,rotating-hot,10,bursty,16777216,FREQ-LRU-REPAIR,3,98937224,98912730,11480,42976,8800432
holdout,syn-uniform-50000-d6-v1,rotating-hot,10,bursty,67108864,ADES,3,11555985,11554772,1213,33988,64
holdout,syn-uniform-50000-d6-v1,rotating-hot,10,bursty,67108864,ADES-V2,3,11745796,11744394,1113,33976,2032
holdout,syn-uniform-50000-d6-v1,rotating-hot,10,bursty,67108864,B3L,3,92966262,92960240,7132,42804,8800064
holdout,syn-uniform-50000-d6-v1,rotating-hot,10,bursty,67108864,COLD,3,11764677,11763115,1173,33628,0
holdout,syn-uniform-50000-d6-v1,rotating-hot,10,bursty,67108864,FREQ-LRU-REPAIR,3,105147433,105134077,13356,43420,8800432
holdout,syn-uniform-50000-d6-v1,rotating-hot,10,repeated-edge,16777216,ADES,3,11143865,11141531,2105,34632,64
holdout,syn-uniform-50000-d6-v1,rotating-hot,10,repeated-edge,16777216,ADES-V2,3,12216216,12214864,1352,33888,2032
holdout,syn-uniform-50000-d6-v1,rotating-hot,10,repeated-edge,16777216,B3L,3,103647030,103631801,2364,42848,8800064
holdout,syn-uniform-50000-d6-v1,rotating-hot,10,repeated-edge,16777216,COLD,3,12228799,12227256,1543,34508,0
holdout,syn-uniform-50000-d6-v1,rotating-hot,10,repeated-edge,16777216,FREQ-LRU-REPAIR,3,97340253,97333541,6712,43484,8800432
holdout,syn-uniform-50000-d6-v1,rotating-hot,10,repeated-edge,67108864,ADES,3,9421318,9419926,1212,34268,64
holdout,syn-uniform-50000-d6-v1,rotating-hot,10,repeated-edge,67108864,ADES-V2,3,10571492,10570210,1282,34632,2032
holdout,syn-uniform-50000-d6-v1,rotating-hot,10,repeated-edge,67108864,B3L,3,104489521,104473763,2986,42848,8800064
holdout,syn-uniform-50000-d6-v1,rotating-hot,10,repeated-edge,67108864,COLD,3,10638073,10636732,1363,33748,0
holdout,syn-uniform-50000-d6-v1,rotating-hot,10,repeated-edge,67108864,FREQ-LRU-REPAIR,3,94509053,94487371,6803,43484,8800432
holdout,syn-uniform-50000-d6-v1,zipf,2,bursty,16777216,ADES,3,13941458,13933061,8113,34000,96
holdout,syn-uniform-50000-d6-v1,zipf,2,bursty,16777216,ADES-V2,3,13696312,13688167,8145,33720,2032
holdout,syn-uniform-50000-d6-v1,zipf,2,bursty,16777216,B3L,3,160800150,160707044,93106,48024,13200096
holdout,syn-uniform-50000-d6-v1,zipf,2,bursty,16777216,COLD,3,14391870,14383677,8224,33884,0
holdout,syn-uniform-50000-d6-v1,zipf,2,bursty,16777216,FREQ-LRU-REPAIR,3,111034867,110929864,105003,43472,8800464
holdout,syn-uniform-50000-d6-v1,zipf,2,bursty,67108864,ADES,3,14216697,14208675,7355,33732,96
holdout,syn-uniform-50000-d6-v1,zipf,2,bursty,67108864,ADES-V2,3,13960982,13952971,7996,34600,2032
holdout,syn-uniform-50000-d6-v1,zipf,2,bursty,67108864,B3L,3,179321303,179213462,107841,47200,13200096
holdout,syn-uniform-50000-d6-v1,zipf,2,bursty,67108864,COLD,3,13368209,13360685,7524,33632,0
holdout,syn-uniform-50000-d6-v1,zipf,2,bursty,67108864,FREQ-LRU-REPAIR,3,110751066,110690818,97874,43800,8800464
holdout,syn-uniform-50000-d6-v1,zipf,2,repeated-edge,16777216,ADES,3,13889021,13881779,5913,34588,96
holdout,syn-uniform-50000-d6-v1,zipf,2,repeated-edge,16777216,ADES-V2,3,15056725,15049884,6541,34232,2032
holdout,syn-uniform-50000-d6-v1,zipf,2,repeated-edge,16777216,B3L,3,169388125,169348243,39882,48092,13200096
holdout,syn-uniform-50000-d6-v1,zipf,2,repeated-edge,16777216,COLD,3,13916543,13910072,6471,34260,0
holdout,syn-uniform-50000-d6-v1,zipf,2,repeated-edge,16777216,FREQ-LRU-REPAIR,3,124907757,124888459,30429,42972,8800464
holdout,syn-uniform-50000-d6-v1,zipf,2,repeated-edge,67108864,ADES,3,14577165,14571044,6232,34588,96
holdout,syn-uniform-50000-d6-v1,zipf,2,repeated-edge,67108864,ADES-V2,3,14801395,14794993,6402,34080,2032
holdout,syn-uniform-50000-d6-v1,zipf,2,repeated-edge,67108864,B3L,3,173693937,173688160,39296,47984,13200096
holdout,syn-uniform-50000-d6-v1,zipf,2,repeated-edge,67108864,COLD,3,13525283,13518751,6455,33876,0
holdout,syn-uniform-50000-d6-v1,zipf,2,repeated-edge,67108864,FREQ-LRU-REPAIR,3,113597200,113545933,30327,42968,8800464
holdout,syn-uniform-50000-d6-v1,zipf,10,bursty,16777216,ADES,3,15689431,15687427,1633,33760,112
holdout,syn-uniform-50000-d6-v1,zipf,10,bursty,16777216,ADES-V2,3,13651886,13650162,1352,34656,2032
holdout,syn-uniform-50000-d6-v1,zipf,10,bursty,16777216,B3L,3,229207965,229197835,10130,49380,15400112
holdout,syn-uniform-50000-d6-v1,zipf,10,bursty,16777216,COLD,3,14490827,14489115,1944,33752,0
holdout,syn-uniform-50000-d6-v1,zipf,10,bursty,16777216,FREQ-LRU-REPAIR,3,119735546,119703646,13836,43728,8800480
holdout,syn-uniform-50000-d6-v1,zipf,10,bursty,67108864,ADES,3,14059193,14057639,1554,33756,112
holdout,syn-uniform-50000-d6-v1,zipf,10,bursty,67108864,ADES-V2,3,13813278,13811645,1633,33760,2032
holdout,syn-uniform-50000-d6-v1,zipf,10,bursty,67108864,B3L,3,210402435,210376657,10669,50216,15400112
holdout,syn-uniform-50000-d6-v1,zipf,10,bursty,67108864,COLD,3,15313254,15311552,1835,34536,0
holdout,syn-uniform-50000-d6-v1,zipf,10,bursty,67108864,FREQ-LRU-REPAIR,3,108220942,108192117,12393,43796,8800480
holdout,syn-uniform-50000-d6-v1,zipf,10,repeated-edge,16777216,ADES,3,11829041,11827749,1372,34012,96
holdout,syn-uniform-50000-d6-v1,zipf,10,repeated-edge,16777216,ADES-V2,3,13272801,13271398,1374,34016,2032
holdout,syn-uniform-50000-d6-v1,zipf,10,repeated-edge,16777216,B3L,3,148956418,148849700,41930,47708,13200096
holdout,syn-uniform-50000-d6-v1,zipf,10,repeated-edge,16777216,COLD,3,12606603,12604990,1361,34444,0
holdout,syn-uniform-50000-d6-v1,zipf,10,repeated-edge,16777216,FREQ-LRU-REPAIR,3,110554872,110529806,25066,42972,8800464
holdout,syn-uniform-50000-d6-v1,zipf,10,repeated-edge,67108864,ADES,3,12478923,12477600,1413,34076,96
holdout,syn-uniform-50000-d6-v1,zipf,10,repeated-edge,67108864,ADES-V2,3,12943877,12942545,1322,33728,2032
holdout,syn-uniform-50000-d6-v1,zipf,10,repeated-edge,67108864,B3L,3,164395168,164279272,33052,47992,13200096
holdout,syn-uniform-50000-d6-v1,zipf,10,repeated-edge,67108864,COLD,3,12613633,12612109,1271,33888,0
holdout,syn-uniform-50000-d6-v1,zipf,10,repeated-edge,67108864,FREQ-LRU-REPAIR,3,105367287,105327443,23575,42968,8800464
